id,title,description,availability,condition,price,link,image_link,additional_image_link,brand,google_product_category,product_type,quantity_to_sell_on_facebook,status,custom_label_0
4579011529,"Custom Family Christmas Phone Case iPhone 15, Personalised Watercolour Family Portrait from Photo, Holiday Gift, Printed in the EU","Imagine surprising them with a phone case that feels made just for the whole family - a soft watercolour portrait, painted from your own photo. CUSTOM FAMILY CHRISTMAS FLEXI CASE - every case starts with your family photo, hand-styled into a warm festive watercolour portrait and printed on a flexible, shock-resistant iPhone 15 case. HOW IT WORKS 1. Send us your photo at checkout (use the note to seller box) 2. We paint your watercolour portrait and send you a free preview to approve 3. Nothing goes to print until you approve it WHY YOU'LL LOVE IT - Flexible, tear-resistant TPU shell with a frosty transparent finish - Precisely aligned openings, wireless charging compatible - Printed to order in the EU, so it ships locally with no customs surprise OUR 30-DAY GUARANTEE 30-day returns and exchanges - if anything arrives wrong, we make it right, no questions asked. Order now and add your photo at checkout - we can't wait to paint your family this Christmas.",in stock,new,27.99 USD,https://brushedandbrewedco.etsy.com/listing/4579011529,https://i.etsystatic.com/67116408/r/il/d140f6/8551388686/il_fullxfull.8551388686_3ywr.jpg,"https://i.etsystatic.com/67116408/r/il/3d2f0e/8599258585/il_fullxfull.8599258585_fjzs.jpg,https://i.etsystatic.com/67116408/r/il/1b22a4/8599258757/il_fullxfull.8599258757_fbjd.jpg,https://i.etsystatic.com/67116408/r/il/35fcb6/8551388762/il_fullxfull.8551388762_1v6x.jpg,https://i.etsystatic.com/67116408/r/il/eea15f/8599258959/il_fullxfull.8599258959_hxxx.jpg,https://i.etsystatic.com/67116408/r/il/77e4d8/8551405378/il_fullxfull.8551405378_wbs8.jpg,https://i.etsystatic.com/67116408/r/il/84e5ab/8551416718/il_fullxfull.8551416718_bp93.jpg,https://i.etsystatic.com/67116408/r/il/702783/8551416794/il_fullxfull.8551416794_tl7v.jpg",Brushed & Brewed,Electronics > Communications > Telephony > Mobile Phone Accessories > Mobile Phone Cases,Phone Cases,999,active,US
4579012141,"Custom Cat Mom Phone Case iPhone 15, Personalised Watercolour Cat Portrait from Photo, Cat Mom Gift, Printed in the EU","Imagine surprising them with a phone case that feels made just for her and her cat - a soft watercolour portrait, painted from your own photo. CUSTOM CAT MOM FLEXI CASE - every case starts with your photo of the two of you, hand-styled into a warm watercolour portrait and printed on a flexible, shock-resistant iPhone 15 case. HOW IT WORKS 1. Send us your photo at checkout (use the note to seller box) 2. We paint your watercolour portrait and send you a free preview to approve 3. Nothing goes to print until you approve it WHY YOU'LL LOVE IT - Flexible, tear-resistant TPU shell with a frosty transparent finish - Precisely aligned openings, wireless charging compatible - Printed to order in the EU, so it ships locally with no customs surprise OUR 30-DAY GUARANTEE 30-day returns and exchanges - if anything arrives wrong, we make it right, no questions asked. Order now and add your photo at checkout - we can't wait to paint their story.",in stock,new,27.99 USD,https://brushedandbrewedco.etsy.com/listing/4579012141,https://i.etsystatic.com/67116408/r/il/49203c/8599263405/il_fullxfull.8599263405_lzdz.jpg,"https://i.etsystatic.com/67116408/r/il/862c90/8599263175/il_fullxfull.8599263175_7m34.jpg,https://i.etsystatic.com/67116408/r/il/eb4d1e/8599263329/il_fullxfull.8599263329_4cuv.jpg,https://i.etsystatic.com/67116408/r/il/a771a6/8599263443/il_fullxfull.8599263443_4emv.jpg,https://i.etsystatic.com/67116408/r/il/a5719a/8599263517/il_fullxfull.8599263517_btbi.jpg,https://i.etsystatic.com/67116408/r/il/5fbf72/8599275149/il_fullxfull.8599275149_onhd.jpg,https://i.etsystatic.com/67116408/r/il/b715f3/8551415904/il_fullxfull.8551415904_ozig.jpg,https://i.etsystatic.com/67116408/r/il/2d23fe/8551416274/il_fullxfull.8551416274_m06j.jpg",Brushed & Brewed,Electronics > Communications > Telephony > Mobile Phone Accessories > Mobile Phone Cases,Phone Cases,999,active,US
4579007291,"Custom Dog Dad Phone Case iPhone 15, Personalised Watercolour Pet Portrait from Photo, Dog Dad Gift, Printed in the EU","Imagine surprising them with a phone case that feels made just for him and his dog - a soft watercolour portrait, painted from your own photo. CUSTOM DOG DAD FLEXI CASE - every case starts with your photo of the two of you, hand-styled into a warm watercolour portrait and printed on a flexible, shock-resistant iPhone 15 case. HOW IT WORKS 1. Send us your photo at checkout (use the note to seller box) 2. We paint your watercolour portrait and send you a free preview to approve 3. Nothing goes to print until you approve it WHY YOU'LL LOVE IT - Flexible, tear-resistant TPU shell with a frosty transparent finish - Precisely aligned openings, wireless charging compatible - Printed to order in the EU, so it ships locally with no customs surprise OUR 30-DAY GUARANTEE 30-day returns and exchanges - if anything arrives wrong, we make it right, no questions asked. Order now and add your photo at checkout - we can't wait to paint their story.",in stock,new,27.99 USD,https://brushedandbrewedco.etsy.com/listing/4579007291,https://i.etsystatic.com/67116408/r/il/5ddc92/8551356756/il_fullxfull.8551356756_jfwr.jpg,"https://i.etsystatic.com/67116408/r/il/a83b03/8551356480/il_fullxfull.8551356480_62vy.jpg,https://i.etsystatic.com/67116408/r/il/f43cbc/8551356662/il_fullxfull.8551356662_59ep.jpg,https://i.etsystatic.com/67116408/r/il/fe4ebc/8551356806/il_fullxfull.8551356806_pndx.jpg,https://i.etsystatic.com/67116408/r/il/24e488/8551356864/il_fullxfull.8551356864_m6r6.jpg,https://i.etsystatic.com/67116408/r/il/72afa3/8551404614/il_fullxfull.8551404614_hsej.jpg,https://i.etsystatic.com/67116408/r/il/45f69e/8551415310/il_fullxfull.8551415310_hgty.jpg,https://i.etsystatic.com/67116408/r/il/4ea02d/8551415424/il_fullxfull.8551415424_874c.jpg",Brushed & Brewed,Electronics > Communications > Telephony > Mobile Phone Accessories > Mobile Phone Cases,Phone Cases,999,active,US
4579013012,"Custom Dog Portrait Flexi Phone Case iPhone 15, Personalized Watercolor Pet Photo Case, Dog Lover Gift, Pet Memorial Case","Imagine surprising them with a phone case that feels made just for their best friend - a soft watercolor dog portrait, painted from your own photo. CUSTOM DOG PORTRAIT FLEXI CASE - every case starts with your photo, hand-styled into a warm watercolor pet portrait and printed on a flexible, shock-resistant iPhone 15 case. HOW IT WORKS 1. Send us your dog's photo at checkout (the personalization box) 2. We paint your watercolor pet portrait and send you a free preview to approve 3. Nothing goes to print until you approve it WHY YOU'LL LOVE IT - Flexible, tear-resistant TPU shell with a frosty transparent finish - Precisely aligned openings, wireless charging compatible - Printed to order in the EU OUR 30-DAY GUARANTEE 30-day returns and exchanges - if anything arrives wrong, we make it right, no questions asked. Order now and add your dog's photo at checkout - we can't wait to paint their story. GIFT-READY A thoughtful gift for birthdays, Christmas, anniversaries or just because - it arrives in protective packaging, ready to hand over.",in stock,new,27.99 USD,https://brushedandbrewedco.etsy.com/listing/4579013012,https://i.etsystatic.com/67116408/r/il/abf271/8551276966/il_fullxfull.8551276966_5cwj.jpg,"https://i.etsystatic.com/67116408/r/il/b982d1/8551277120/il_fullxfull.8551277120_g2jo.jpg,https://i.etsystatic.com/67116408/r/il/2e81f5/8599145621/il_fullxfull.8599145621_bfot.jpg,https://i.etsystatic.com/67116408/r/il/476576/8599145681/il_fullxfull.8599145681_17uy.jpg,https://i.etsystatic.com/67116408/r/il/1b500a/8551277302/il_fullxfull.8551277302_8aiu.jpg,https://i.etsystatic.com/67116408/r/il/bdd5f2/8599151845/il_fullxfull.8599151845_q2jq.jpg,https://i.etsystatic.com/67116408/r/il/262112/8599151903/il_fullxfull.8599151903_ipdw.jpg,https://i.etsystatic.com/67116408/r/il/d5dd24/8599151951/il_fullxfull.8599151951_30du.jpg",Brushed & Brewed,Electronics > Communications > Telephony > Mobile Phone Accessories > Mobile Phone Cases,Phone Cases,999,active,US
4578994691,"Custom Family Portrait Flexi Phone Case iPhone 15, Personalized Watercolor Photo Case, Family Photo Gift, Mom Dad Gift","Imagine surprising your family with a phone case that feels made just for your story - a soft watercolor family portrait, painted from your own photo. CUSTOM FAMILY PORTRAIT FLEXI CASE - every case starts with your photo, hand-styled into a warm watercolor portrait and printed on a flexible, shock-resistant iPhone 15 case. HOW IT WORKS 1. Send us your photo at checkout (the personalization box) 2. We paint your watercolor family portrait and send you a free preview to approve 3. Nothing goes to print until you approve it WHY YOU'LL LOVE IT - Flexible, tear-resistant TPU shell with a frosty transparent finish - Precisely aligned openings, wireless charging compatible - Printed to order in the EU OUR 30-DAY GUARANTEE 30-day returns and exchanges - if anything arrives wrong, we make it right, no questions asked. Order now and add your photo at checkout - we can't wait to paint your family's story. GIFT-READY A thoughtful gift for birthdays, Christmas, anniversaries or just because - it arrives in protective packaging, ready to hand over.",in stock,new,27.99 USD,https://brushedandbrewedco.etsy.com/listing/4578994691,https://i.etsystatic.com/67116408/r/il/761fa1/8551262470/il_fullxfull.8551262470_ep0u.jpg,"https://i.etsystatic.com/67116408/r/il/27eb7a/8599130751/il_fullxfull.8599130751_csou.jpg,https://i.etsystatic.com/67116408/r/il/18bb87/8551262698/il_fullxfull.8551262698_htan.jpg,https://i.etsystatic.com/67116408/r/il/4a344b/8599130871/il_fullxfull.8599130871_a5js.jpg,https://i.etsystatic.com/67116408/r/il/c943c3/8599130909/il_fullxfull.8599130909_q06f.jpg,https://i.etsystatic.com/67116408/r/il/150738/8551282550/il_fullxfull.8551282550_8oqr.jpg,https://i.etsystatic.com/67116408/r/il/5a3870/8551282594/il_fullxfull.8551282594_7e3k.jpg,https://i.etsystatic.com/67116408/r/il/0fdc6d/8555883688/il_fullxfull.8555883688_qh6l.jpg",Brushed & Brewed,Electronics > Communications > Telephony > Mobile Phone Accessories > Mobile Phone Cases,Phone Cases,999,active,US
4579004556,"Custom Couple Portrait Flexi Phone Case iPhone 15, Personalized Watercolor Photo Case, Anniversary Gift","Imagine surprising them with a phone case that feels made just for your story - a soft watercolor portrait of the two of you, painted from your own photo. CUSTOM COUPLE PORTRAIT FLEXI CASE - every case starts with your photo, hand-styled into a warm watercolor portrait and printed on a flexible, shock-resistant iPhone 15 case. HOW IT WORKS 1. Send us your photo at checkout (the personalization box) 2. We paint your watercolor portrait and send you a free preview to approve 3. Nothing goes to print until you approve it WHY YOU'LL LOVE IT - Flexible, tear-resistant TPU shell with a frosty transparent finish - Precisely aligned openings, wireless charging compatible - Printed to order in the EU OUR 30-DAY GUARANTEE 30-day returns and exchanges - if anything arrives wrong, we make it right, no questions asked. Order now and add your photo at checkout - we can't wait to paint your story. GIFT-READY A thoughtful gift for birthdays, Christmas, anniversaries or just because - it arrives in protective packaging, ready to hand over.",in stock,new,27.99 USD,https://brushedandbrewedco.etsy.com/listing/4579004556,https://i.etsystatic.com/67116408/r/il/a40d10/8551217534/il_fullxfull.8551217534_p3lu.jpg,"https://i.etsystatic.com/67116408/r/il/e1276f/8599085903/il_fullxfull.8599085903_fdsh.jpg,https://i.etsystatic.com/67116408/r/il/20ee05/8551217664/il_fullxfull.8551217664_av0c.jpg,https://i.etsystatic.com/67116408/r/il/95947f/8551217702/il_fullxfull.8551217702_ciia.jpg,https://i.etsystatic.com/67116408/r/il/3c67db/8551217750/il_fullxfull.8551217750_270o.jpg,https://i.etsystatic.com/67116408/r/il/8d1ad5/8551228550/il_fullxfull.8551228550_765t.jpg,https://i.etsystatic.com/67116408/r/il/9ebb49/8551228618/il_fullxfull.8551228618_ma3k.jpg,https://i.etsystatic.com/67116408/r/il/5c8a2b/8551228692/il_fullxfull.8551228692_pmy8.jpg",Brushed & Brewed,Electronics > Communications > Telephony > Mobile Phone Accessories > Mobile Phone Cases,Phone Cases,999,active,US
4578445395,"Baby to Now Mug Set of 4 - Custom Growth Timeline Portraits, Personalized Watercolor From Your Photos","Imagine holding four mugs in your hands and watching someone grow up right there on the shelf - that's the surprise this set delivers every single morning. WHAT YOU GET: a Baby to Now Mug Set of 4, turning photos of the same person (or a rescued pet) into hand-painted watercolor portraits, one per mug, showing the full transformation across ages - printed on premium 11oz ceramic mugs. HOW IT WORKS: send us your photos from each stage after checkout. Our artist paints all 4 portraits and you'll get a same-day preview before anything goes to print, plus 1 free revision. Backed by a 30 day return policy and careful US production and shipping. Order now and add this timeline set to your cart - it's the kind of gift that gets picked up and looked at for years.",in stock,new,60.95 USD,https://brushedandbrewedco.etsy.com/listing/4578445395,https://i.etsystatic.com/67116408/r/il/b9bb88/8594975273/il_fullxfull.8594975273_7pio.jpg,"https://i.etsystatic.com/67116408/r/il/1e72cf/8594975485/il_fullxfull.8594975485_3pr9.jpg,https://i.etsystatic.com/67116408/r/il/cc0c5a/8547106870/il_fullxfull.8547106870_lz1d.jpg,https://i.etsystatic.com/67116408/r/il/2d521e/8547107022/il_fullxfull.8547107022_7xdw.jpg,https://i.etsystatic.com/67116408/r/il/bb4662/8547107164/il_fullxfull.8547107164_ch6p.jpg,https://i.etsystatic.com/67116408/r/il/23f8b1/8547107310/il_fullxfull.8547107310_i4el.jpg,https://i.etsystatic.com/67116408/r/il/232f64/8594976389/il_fullxfull.8594976389_729i.jpg,https://i.etsystatic.com/67116408/r/il/f7fac3/8594976559/il_fullxfull.8594976559_i5if.jpg",Brushed & Brewed,Home & Garden > Kitchen & Dining > Tableware > Drinkware > Mugs,Mugs,999,active,US
4578445001,"Travel Destination Mug Collection - Watercolor Skyline Mugs for Your Favorite Cities, Set of 3, Collectible Gift","Every trip deserves a permanent seat on your shelf - imagine your favorite three destinations painted in soft watercolor, looking back at you every morning with your coffee. WHAT YOU GET: a 3-mug Travel Destination Collection, each mug showing a different iconic skyline hand-illustrated in the same soft watercolor style, printed on premium 11oz ceramic mugs. Collectible - start with 3 and add more destinations later. HOW IT WORKS: pick your 3 destinations from our growing list (or request one that's missing) at checkout. We paint each skyline and you'll get a preview of the full set before we print and ship. We stand behind every mug with a 30 day return policy and careful US production and shipping. Choose your destinations and order now - click add to cart to start your collection before your next trip. GIFT-READY A thoughtful gift for birthdays, Christmas, anniversaries or just because - it arrives in protective packaging, ready to hand over. WHEN YOU GET IT Made to order: 7-10 days of processing, then standard shipping. Approve your preview quickly and it leaves sooner.",in stock,new,45.95 USD,https://brushedandbrewedco.etsy.com/listing/4578445001,https://i.etsystatic.com/67116408/r/il/63d1ab/8547103854/il_fullxfull.8547103854_4aeu.jpg,"https://i.etsystatic.com/67116408/r/il/bb7ef7/8594973003/il_fullxfull.8594973003_sjt6.jpg,https://i.etsystatic.com/67116408/r/il/dfe152/8594973189/il_fullxfull.8594973189_ed1n.jpg,https://i.etsystatic.com/67116408/r/il/a9ff0a/8594973393/il_fullxfull.8594973393_b9jl.jpg,https://i.etsystatic.com/67116408/r/il/eef1eb/8594973521/il_fullxfull.8594973521_5dos.jpg,https://i.etsystatic.com/67116408/r/il/905e84/8594973671/il_fullxfull.8594973671_3g0e.jpg,https://i.etsystatic.com/67116408/r/il/8b682d/8594973843/il_fullxfull.8594973843_allm.jpg,https://i.etsystatic.com/67116408/r/il/87ec14/8547105070/il_fullxfull.8547105070_kg1y.jpg",Brushed & Brewed,Home & Garden > Kitchen & Dining > Tableware > Drinkware > Mugs,Mugs,999,active,US
4578443045,"Family Portrait Mug Set of 4 - Watercolor Grandparents Parents Pet Gift, Personalized From Photo","Imagine everyone at the table holding their own face on a mug - grandma, dad, the kids, even the dog. This Family Portrait Mug Set turns your favorite family photos into a set of 4 hand-painted watercolor portraits, one per person (or pet), printed on premium 11oz ceramic mugs. WHAT YOU GET: a matching 4-mug set, each with an individual watercolor portrait painted from the photo you send - soft brush strokes, warm colors, centered on a durable dishwasher- and microwave-safe mug. HOW IT WORKS: send us one clear photo per family member after checkout. Our artist paints each portrait and you get a same-day digital preview on your phone before anything goes to print, plus 1 free revision if something needs adjusting. We back every set with a 30 day return policy and careful US production and shipping, so if anything arrives off, we make it right. Ready to see your family on the shelf? Order now or add to cart today - it's the kind of gift people actually use every single morning.",in stock,new,56.95 USD,https://brushedandbrewedco.etsy.com/listing/4578443045,https://i.etsystatic.com/67116408/r/il/7fb4a9/8547088936/il_fullxfull.8547088936_nrbw.jpg,"https://i.etsystatic.com/67116408/r/il/0c7fa9/8594957901/il_fullxfull.8594957901_hsqy.jpg,https://i.etsystatic.com/67116408/r/il/d13d29/8594958105/il_fullxfull.8594958105_99g6.jpg,https://i.etsystatic.com/67116408/r/il/f8f256/8547089452/il_fullxfull.8547089452_1168.jpg,https://i.etsystatic.com/67116408/r/il/395606/8547089572/il_fullxfull.8547089572_iprm.jpg,https://i.etsystatic.com/67116408/r/il/33711a/8594958475/il_fullxfull.8594958475_6wmq.jpg,https://i.etsystatic.com/67116408/r/il/703e77/8547089828/il_fullxfull.8547089828_818t.jpg,https://i.etsystatic.com/67116408/r/il/5fcf27/8547089978/il_fullxfull.8547089978_98zf.jpg",Brushed & Brewed,Home & Garden > Kitchen & Dining > Tableware > Drinkware > Mugs,Mugs,999,active,US
4578224736,"Custom Star Map Print, Personalized Night Sky Poster by Date and Place, First Date Anniversary Gift for Couples","See it before we print. Tell us the date, the time and the place, get your preview the same day, and one free revision if you want anything changed. Nothing goes to the printer until you say yes. Imagine handing this over on your anniversary: not a picture of some stars, but the actual sky that stood over the two of you that night, every star where it really was, calculated for your exact date, hour and coordinates. That is the moment this poster is for - and it is the reason people tell us they had to sit down when they opened it. WHAT IT IS A 12 x 18 inch personalized star map poster of the real night sky above one specific moment, printed on 210 gsm satin art paper. You send the date, the time and the city, plus the names and the line you want underneath. We calculate the star positions from the Hipparcos star catalog - the same data astronomers use - and set them in our warm cream and terracotta palette. No frame is included; the size is a standard one, so any off-the-shelf 12 x 18 frame fits. HOW IT WORKS 1. Add to cart and send us the date, the time and the place at checkout. 2. We calculate your sky and send the preview to your phone the same day. 3. Ask for a change if you want one - the first revision is free. 4. You approve, we print, and it ships from the United States. LOVE IT OR WE MAKE IT RIGHT Your print is made only after you approve your preview. If it arrives damaged, misprinted, or different from the artwork you approved, send us a photo within 30 days - we reprint it free or refund you in full, your choice. Nothing to ship back. WHY IT LANDS - The date is already yours - this just shows what the sky was doing about it - Works for a first date, a wedding day, an engagement, a birth, a move, a goodbye - Quiet cream and terracotta palette that sits in a bedroom or a hallway without shouting - Paper is the traditional first anniversary gift - The stars are calculated, never drawn from imagination - your sky is yours alone DETAILS - 12 x 18 inch vertical poster, 210 gsm satin art paper - Printed edge to edge with fade resistant inks - Ships rolled in a protective tube, unframed - Made to order and shipped from the United States - no customs surprises WHAT WE NEED FROM YOU - The date and the time (as close as you remember - we use the local time of that place) - The city or town - The names or title, and an optional line underneath ORDER EARLY FOR THE HOLIDAYS Every print is made when you order it (production plus shipping). Order by December 8 to have it in their hands for Christmas - earlier is safer. Add to cart, send us the moment, and we will have your preview ready today. Questions, or want a different size or a second sky on the same print? Send us a message - we reply fast.",in stock,new,38.95 USD,https://brushedandbrewedco.etsy.com/listing/4578224736,https://i.etsystatic.com/67116408/r/il/7d48ce/8545844830/il_fullxfull.8545844830_4a6e.jpg,"https://i.etsystatic.com/67116408/r/il/1ed9bc/8599049133/il_fullxfull.8599049133_a8rh.jpg,https://i.etsystatic.com/67116408/r/il/0e9a9f/8545845100/il_fullxfull.8545845100_mlhi.jpg,https://i.etsystatic.com/67116408/r/il/2ed4aa/8593712203/il_fullxfull.8593712203_kfre.jpg,https://i.etsystatic.com/67116408/r/il/501c97/8593712389/il_fullxfull.8593712389_2nvj.jpg,https://i.etsystatic.com/67116408/r/il/210e73/8545845606/il_fullxfull.8545845606_igl2.jpg,https://i.etsystatic.com/67116408/r/il/bc84a9/8545845756/il_fullxfull.8545845756_giav.jpg,https://i.etsystatic.com/67116408/r/il/765da5/8593712855/il_fullxfull.8593712855_6uwg.jpg,https://i.etsystatic.com/67116408/r/il/9276e4/8545845970/il_fullxfull.8545845970_j69r.jpg,https://i.etsystatic.com/67116408/r/il/d798c7/8545846108/il_fullxfull.8545846108_bqaz.jpg",Brushed & Brewed,"Home & Garden > Decor > Artwork > Posters, Prints, & Visual Artwork",Art Prints,999,active,US
4578202111,"Engraved Anniversary Mug, Personalized Names and Date, Laser Engraved Stoneware Coffee Cup, Wedding Gift for Couples","See the proof before we engrave. Send the two names and the date, get a proof of the exact engraving the same day, and one free revision if a word needs changing. The laser does not start until you say yes. Imagine handing it over on the morning of your anniversary - the names, the date, and one line only the two of you understand, cut into the glaze by a laser instead of printed on top of it. Then imagine it still looking exactly like that after ten years of dishwater and ordinary mornings. WHAT IT IS A 13 oz two-tone speckled stoneware mug, laser engraved with two names, a date and one short line of your own. The laser burns through the coloured glaze and reveals the pale natural clay underneath, so the lettering is part of the mug itself - there is no ink, nothing printed, nothing to peel, scratch off or fade. Choose black, forest green, navy blue or grey. HOW IT WORKS 1. Add to cart and pick your mug colour. 2. Type the two names, the date and your short line exactly as you want them engraved. 3. We set the engraving and send you the proof the same day. 4. Ask for a change if you want one - the first revision is free. You approve, we engrave, it ships from the United States. LOVE IT OR WE MAKE IT RIGHT Your mug is engraved only after you approve the proof. If it arrives damaged, misengraved or different from the proof you approved, send us a photo within 30 days - we remake it free or refund you in full, your choice. Nothing to ship back. WHY IT LANDS - Engraved, not printed: the traditional gift for a milestone anniversary, in a form that gets used every day - Right for a wedding anniversary, an engagement, a housewarming, a wedding party gift or a bridal shower - The short line is yours - an inside joke, a vow, a place, a first date - Quiet two-tone stoneware that looks like a small-batch pottery piece, not a novelty mug DETAILS - 13 oz speckled stoneware mug with a raw clay base, 4.3 in tall - Four colours: black, forest green, navy blue, grey - Two names, a date and one short line included at no extra cost - Hand wash recommended - engraving never fades either way - Made to order and shipped from the United States A NOTE ON THE ENGRAVING The layout you see in the photos is our standard one: names in a serif, the date in spaced capitals, your line in italic between two thin rules. We keep that layout and change the words to yours. The mug colour in a photo is one of the four options, not a separate product. ORDER EARLY FOR THE HOLIDAYS Every mug is engraved when you order it (about 5-8 days, plus shipping). Order by December 8 to have it in their hands for Christmas - earlier is safer. Add to cart, type the two names and the date, and we will have your proof ready today. Questions, or want a longer line under the date? Send us a message - we reply fast.",in stock,new,39.99 USD,https://brushedandbrewedco.etsy.com/listing/4578202111,https://i.etsystatic.com/67116408/r/il/78f45f/8593015685/il_fullxfull.8593015685_izme.jpg,"https://i.etsystatic.com/67116408/r/il/91488e/8593015809/il_fullxfull.8593015809_gs04.jpg,https://i.etsystatic.com/67116408/r/il/1fe504/8545148382/il_fullxfull.8545148382_g1jb.jpg,https://i.etsystatic.com/67116408/r/il/fe5ca6/8545148530/il_fullxfull.8545148530_313a.jpg,https://i.etsystatic.com/67116408/r/il/9aa351/8545148692/il_fullxfull.8545148692_t1hd.jpg,https://i.etsystatic.com/67116408/r/il/da3da3/8545148842/il_fullxfull.8545148842_qx6i.jpg,https://i.etsystatic.com/67116408/r/il/62c7ea/8593016547/il_fullxfull.8593016547_4p0k.jpg,https://i.etsystatic.com/67116408/r/il/b1358d/8545149086/il_fullxfull.8545149086_p07t.jpg,https://i.etsystatic.com/67116408/r/il/4d1443/8593013267/il_fullxfull.8593013267_3flv.jpg",Brushed & Brewed,Home & Garden > Kitchen & Dining > Tableware > Drinkware > Mugs,Mugs,999,active,US
4578192837,"Custom Military Watercolor Portrait Mug, Veterans Day Gift, Personalized Photo to Art, Name Rank Years, Army Navy Air Force Marines","See it before we print. Send us their service photo, get a preview on your phone the same day, and one free revision if anything needs changing. Nothing goes to the printer until you say yes. Imagine handing it to him on Veterans Day. He never talks about those years. Hand him this on Veterans Day and he will not have to - the portrait says it, his name says it, and the years say it. Then he will drink his coffee out of it every single morning. WHAT IT IS An 11 oz ceramic mug carrying a watercolor portrait painted from the photo you send - a service photo, a homecoming picture, an old print from a shoebox. Their full name, their rank and their years of service are added under the portrait at no extra cost, in a quiet serif that looks like it belongs there. HOW IT WORKS 1. Add to cart and upload the photo at checkout (a clear, well-lit picture works best). 2. Tell us the name, the rank and the years of service exactly as you want them printed. 3. We paint the portrait with AI and send the preview to your phone the same day. 4. Ask for a change if you want one - the first revision is free. You approve, we print, it ships from the United States. LOVE IT OR WE MAKE IT RIGHT Your mug is printed only after you approve the preview. If it arrives damaged, misprinted, or different from the artwork you approved, send us a photo within 30 days - we reprint it free or refund you in full, your choice. Nothing to ship back. WHY IT LANDS - A tribute that gets used, not stored in a drawer - Works for a husband or wife, a father, a mother, a son, a daughter or an old friend from the unit - Right for Veterans Day, a retirement, a promotion, a PCS move or a homecoming - Quiet, muted watercolor palette - dignified, never loud DETAILS - 11 oz white ceramic mug, 3.85 in tall, 3.35 in diameter - Dishwasher and microwave safe, fade-resistant print - Name, rank and years of service included free - Made to order and shipped from the United States - no customs surprises - 15 oz size available - send us a message A NOTE ON THE ARTWORK The portrait is generated with AI from the photo you send, then reviewed by a person before anything is printed. We paint a generic uniform as shown - we do not reproduce official insignia, unit patches, service seals or flags, so your artwork stays yours and stays clean. ORDER BY OCTOBER 26 Every mug is made when you order it (about 7-10 days, plus shipping). Order by October 26 to have it in their hands for Veterans Day on November 11 - earlier is safer. Add to cart, upload the photo, and we will have your preview ready today. Questions, or want a different wording under the portrait? Send us a message - we reply fast. GIFT-READY A thoughtful gift for birthdays, Christmas, anniversaries or just because - it arrives in protective packaging, ready to hand over.",in stock,new,29.95 USD,https://brushedandbrewedco.etsy.com/listing/4578192837,https://i.etsystatic.com/67116408/r/il/c14833/8545091236/il_fullxfull.8545091236_bdmh.jpg,"https://i.etsystatic.com/67116408/r/il/abdd13/8545091354/il_fullxfull.8545091354_ska7.jpg,https://i.etsystatic.com/67116408/r/il/f817c3/8545091442/il_fullxfull.8545091442_6t9m.jpg,https://i.etsystatic.com/67116408/r/il/220432/8545091546/il_fullxfull.8545091546_6e42.jpg,https://i.etsystatic.com/67116408/r/il/9eabe2/8545091662/il_fullxfull.8545091662_barg.jpg,https://i.etsystatic.com/67116408/r/il/09c624/8545091786/il_fullxfull.8545091786_h7tf.jpg,https://i.etsystatic.com/67116408/r/il/3ba540/8545091880/il_fullxfull.8545091880_d7ze.jpg,https://i.etsystatic.com/67116408/r/il/8faa0b/8592958743/il_fullxfull.8592958743_ftrs.jpg",Brushed & Brewed,Home & Garden > Kitchen & Dining > Tableware > Drinkware > Mugs,Mugs,999,active,US
4578173253,"Custom Photo Mouse Pad, Personalized Portrait Mousepad from Your Picture, Desk Gift for Him or Her","See it before we print. Send us your photo, get a preview on your phone the same day, and one free revision if you want anything changed. Nothing goes to the printer until you say yes. Imagine their face when they sit down to work and the dog is right there, painted, under their hand. Every workday starts at this desk - this is the one thing on it that is theirs alone. WHAT IT IS A 9"" x 8"" mouse pad with a hand-painted watercolor portrait made from the photo you send - your dog, your cat, your kids, the two of you, the house you grew up in. Smooth fabric top for precise tracking, non-slip rubber backing, printed edge to edge so the artwork never stops at a border. HOW IT WORKS 1. Add to cart and upload your photo at checkout (a clear, well-lit picture works best). 2. We paint your portrait and send the preview to your phone the same day. 3. Ask for a change if you want one - the first revision is free. 4. You approve, we print, it ships from the United States. LOVE IT OR WE MAKE IT RIGHT Your mouse pad is printed only after you approve your preview. If it arrives damaged, misprinted, or different from the artwork you approved, send us a photo within 30 days - we reprint it free or refund you in full, your choice. Nothing to ship back. WHY IT LANDS - The desk gift that is impossible to duplicate - there is exactly one of these in the world - Works for a partner, a parent, a teacher, a coworker or a new hire - Quiet, muted watercolor palette that looks right in a home office and on camera DETAILS - 9"" x 8"" rectangular mouse pad, 1/8"" thick - Smooth polyester surface, natural rubber non-slip base - Full-bleed print, fade resistant - Made to order and shipped from the United States - no customs surprises ORDER BY OCTOBER 2 Every mouse pad is made when you order it (about 7-10 days, plus shipping). Order by October 2 to have it on their desk for Boss's Day on October 16 - earlier is safer. Add to cart, upload your photo, and we will have your preview ready today. Questions, or want a name or a date added to the artwork? Send us a message - we reply fast.",in stock,new,21.95 USD,https://brushedandbrewedco.etsy.com/listing/4578173253,https://i.etsystatic.com/67116408/r/il/cc4fb9/8544987870/il_fullxfull.8544987870_1d7j.jpg,"https://i.etsystatic.com/67116408/r/il/a9ed72/8544988068/il_fullxfull.8544988068_9nk7.jpg,https://i.etsystatic.com/67116408/r/il/fb78ca/8592854357/il_fullxfull.8592854357_j4d5.jpg,https://i.etsystatic.com/67116408/r/il/102f95/8544988396/il_fullxfull.8544988396_a3m0.jpg,https://i.etsystatic.com/67116408/r/il/a0b410/8592854695/il_fullxfull.8592854695_77bo.jpg,https://i.etsystatic.com/67116408/r/il/7109ac/8544988698/il_fullxfull.8544988698_eys6.jpg,https://i.etsystatic.com/67116408/r/il/eca46e/8544988806/il_fullxfull.8544988806_a8hy.jpg,https://i.etsystatic.com/67116408/r/il/1ba6b5/8592855079/il_fullxfull.8592855079_6o9n.jpg,https://i.etsystatic.com/67116408/r/il/81909b/8546928638/il_fullxfull.8546928638_8qnn.jpg,https://i.etsystatic.com/67116408/r/il/641102/8546930356/il_fullxfull.8546930356_49dg.jpg",Brushed & Brewed,Electronics > Electronics Accessories > Computer Accessories > Mouse Pads,Mouse Pads,999,active,US
4576188196,"Custom Dog Portrait Phone Case, Personalized Watercolor Pet Photo Case, Dog Lover Gift, iPhone Samsung Case, Pet Memorial Case","See it before we print: you get a same-day preview on your phone, plus 1 free revision, before your order goes to production. Imagine carrying your favorite furry friend with you everywhere you go - that is what this custom phone case is made for. WHAT YOU GET A hand-finished, AI-assisted watercolor-style pet portrait case, made from YOUR own photo. Durable, shock-absorbing, fade-resistant print. Fits iPhone 15/16 and Samsung Galaxy S24/S25 - tell us your exact model. SIZE & FIT Dual-layer tough case (hard back + soft inner), raised edges to protect the screen, full-wrap print that will not peel, wireless charging compatible. HOW IT WORKS 1) Order and send your photo(s) via Etsy Messages right after checkout. 2) Within 24 hours you get a realistic preview of your case for approval. 3) One free revision included - we only print once you love it. 4) Printed to order in the USA and shipped free. OUR PROMISE 30 day return policy, careful US-based printing, and a real person checking every preview before it ships. Order by October 20th to receive before Halloween (rush options available for later dates too - just ask!). Order now and turn your favorite furry friend photo into a case you will smile at every time you check your phone. GIFT-READY A thoughtful gift for birthdays, Christmas, anniversaries or just because - it arrives in protective packaging, ready to hand over.",in stock,new,29.99 USD,https://brushedandbrewedco.etsy.com/listing/4576188196,https://i.etsystatic.com/67116408/r/il/3b74ae/8578070487/il_fullxfull.8578070487_f09k.jpg,"https://i.etsystatic.com/67116408/r/il/327dbb/8577987041/il_fullxfull.8577987041_oo91.jpg,https://i.etsystatic.com/67116408/r/il/719dcd/8581441169/il_fullxfull.8581441169_pjmp.jpg,https://i.etsystatic.com/67116408/r/il/765526/8585079991/il_fullxfull.8585079991_rd76.jpg,https://i.etsystatic.com/67116408/r/il/141633/8537237242/il_fullxfull.8537237242_dkdf.jpg,https://i.etsystatic.com/67116408/r/il/9f28f1/8585129481/il_fullxfull.8585129481_ddvs.jpg,https://i.etsystatic.com/67116408/r/il/6c8b5e/8537303358/il_fullxfull.8537303358_s5sw.jpg,https://i.etsystatic.com/67116408/r/il/8ee090/8537349138/il_fullxfull.8537349138_3mts.jpg,https://i.etsystatic.com/67116408/r/il/76469d/8585258841/il_fullxfull.8585258841_n9lo.jpg,https://i.etsystatic.com/67116408/r/il/d70ac2/8537765736/il_fullxfull.8537765736_mqpa.jpg",Brushed & Brewed,Electronics > Communications > Telephony > Mobile Phone Accessories > Mobile Phone Cases,Phone Cases,999,active,US
4576168457,"Custom Family Portrait Phone Case, Personalized Watercolor Photo Case, Family Photo Gift, Mom Dad Gift, iPhone Samsung Case","See it before we print: you get a same-day preview on your phone, plus 1 free revision, before your order goes to production. Imagine carrying your favorite family moment with you everywhere you go - that is what this custom phone case is made for. WHAT YOU GET A hand-finished, AI-assisted watercolor-style family portrait case, made from YOUR own photo. Durable, shock-absorbing, fade-resistant print. Fits iPhone 15/16 and Samsung Galaxy S24/S25 - tell us your exact model. SIZE & FIT Dual-layer tough case (hard back + soft inner), raised edges to protect the screen, full-wrap print that will not peel, wireless charging compatible. HOW IT WORKS 1) Order and send your photo(s) via Etsy Messages right after checkout. 2) Within 24 hours you get a realistic preview of your case for approval. 3) One free revision included - we only print once you love it. 4) Printed to order in the USA and shipped free. OUR PROMISE 30 day return policy, careful US-based printing, and a real person checking every preview before it ships. Order by October 20th to receive before Halloween (rush options available for later dates too - just ask!). Order now and turn your favorite family photo into a case you will smile at every time you check your phone. GIFT-READY A thoughtful gift for birthdays, Christmas, anniversaries or just because - it arrives in protective packaging, ready to hand over.",in stock,new,29.99 USD,https://brushedandbrewedco.etsy.com/listing/4576168457,https://i.etsystatic.com/67116408/r/il/a1b008/8577986817/il_fullxfull.8577986817_3v5w.jpg,"https://i.etsystatic.com/67116408/r/il/f9d04d/8533461958/il_fullxfull.8533461958_8sek.jpg,https://i.etsystatic.com/67116408/r/il/23e148/8533484532/il_fullxfull.8533484532_koq0.jpg,https://i.etsystatic.com/67116408/r/il/f5b783/8537155516/il_fullxfull.8537155516_8zcs.jpg,https://i.etsystatic.com/67116408/r/il/42db99/8533573134/il_fullxfull.8533573134_qz1r.jpg,https://i.etsystatic.com/67116408/r/il/9e035c/8537215164/il_fullxfull.8537215164_4dr0.jpg,https://i.etsystatic.com/67116408/r/il/e0cafc/8537264894/il_fullxfull.8537264894_q775.jpg,https://i.etsystatic.com/67116408/r/il/9cc549/8585219965/il_fullxfull.8585219965_cfp3.jpg,https://i.etsystatic.com/67116408/r/il/2516ed/8537394022/il_fullxfull.8537394022_kprh.jpg,https://i.etsystatic.com/67116408/r/il/35de4b/8585046781/il_fullxfull.8585046781_kzbr.jpg",Brushed & Brewed,Electronics > Communications > Telephony > Mobile Phone Accessories > Mobile Phone Cases,Phone Cases,999,active,US
4576168409,"Custom Couple Portrait Phone Case, Personalized Watercolor Photo Case, Anniversary Gift, Engagement Gift, iPhone Samsung Case","See it before we print: you get a same-day preview on your phone, plus 1 free revision, before your order goes to production. Imagine carrying a piece of your favorite memory with you everywhere you go - that is what this custom phone case is made for. WHAT YOU GET A hand-finished, AI-assisted watercolor-style portrait case, made from YOUR own photo. Durable, shock-absorbing, fade-resistant print. Fits iPhone 15/16 and Samsung Galaxy S24/S25 - tell us your exact model. SIZE & FIT Dual-layer tough case (hard back + soft inner), raised edges to protect the screen, full-wrap print that will not peel, wireless charging compatible. HOW IT WORKS 1) Order and send your photo(s) via Etsy Messages right after checkout. 2) Within 24 hours you get a realistic preview of your case for approval. 3) One free revision included - we only print once you love it. 4) Printed to order in the USA and shipped free. OUR PROMISE 30 day return policy, careful US-based printing, and a real person checking every preview before it ships. Order by October 20th to receive before Halloween (rush options available for later dates too - just ask!). Order now and turn your favorite photo into a case you will smile at every time you check your phone. GIFT-READY A thoughtful gift for birthdays, Christmas, anniversaries or just because - it arrives in protective packaging, ready to hand over.",in stock,new,29.99 USD,https://brushedandbrewedco.etsy.com/listing/4576168409,https://i.etsystatic.com/67116408/r/il/4b3975/8578063225/il_fullxfull.8578063225_99ea.jpg,"https://i.etsystatic.com/67116408/r/il/7399d1/8577986519/il_fullxfull.8577986519_gcxg.jpg,https://i.etsystatic.com/67116408/r/il/49a10c/8581351739/il_fullxfull.8581351739_hr3b.jpg,https://i.etsystatic.com/67116408/r/il/ecf394/8585026225/il_fullxfull.8585026225_3ezg.jpg,https://i.etsystatic.com/67116408/r/il/b53201/8533570558/il_fullxfull.8533570558_qs2h.jpg,https://i.etsystatic.com/67116408/r/il/473fc4/8537218090/il_fullxfull.8537218090_r2wn.jpg,https://i.etsystatic.com/67116408/r/il/930553/8537240226/il_fullxfull.8537240226_sba0.jpg,https://i.etsystatic.com/67116408/r/il/03256b/8585135933/il_fullxfull.8585135933_4dzl.jpg,https://i.etsystatic.com/67116408/r/il/edeaac/8537355222/il_fullxfull.8537355222_ggvq.jpg,https://i.etsystatic.com/67116408/r/il/d2d580/8537396802/il_fullxfull.8537396802_451z.jpg",Brushed & Brewed,Electronics > Communications > Telephony > Mobile Phone Accessories > Mobile Phone Cases,Phone Cases,999,active,US
4546384157,"Jumbo Dog Dad Mug 20oz, Custom Pet Portrait from Photo with Name, Personalized Big Coffee Mug XL, Dog Dad Gift, Dog, Same-Day Preview","Imagine their face when they unwrap a gift made just for them - their own photo turned into a custom portrait they'll see every single morning. See it before we print: you get a same-day preview on your phone, plus 1 free revision, before your order goes to production. LOVE IT OR WE MAKE IT RIGHT Your mug is printed only after you approve your free preview. If it arrives damaged, misprinted, or different from the artwork you approved, just send us a photo within 30 days - we'll reprint it free or refund you in full, your choice. No need to ship anything back. YOUR MUG IN 4 SIMPLE STEPS You send a photo -> our AI paints it -> you approve it -> we print your mug. WE PRINT MORE THAN PHOTOS: kids' drawings, handwritten recipes, notes and artwork - printed exactly as they are, or turned into a portrait. Your choice. FREE digital preview within 24h - you approve your portrait before we print. One free revision included. HOW IT WORKS (easy!) 1. Order and tell us your style: Watercolor, Cartoon or Realistic (+ a name, optional) 2. Upload your photo right on this listing - it takes 10 seconds 3. Within 24 hours you receive a realistic preview of YOUR mug for approval 4. We only print when you love it! BIG DOG ENERGY - A serious 20oz mug for serious dog dads - almost double a standard mug - Your dog's portrait, big enough to do it justice WHAT YOU GET - Hand-finished AI-assisted portrait from your photo (pet, couple or family - up to 2 subjects) - Jumbo 20oz ceramic mug, vivid fade-resistant print - Dishwasher and microwave safe - Printed to order in the USA, free US shipping Note: photo quality matters! Clear, well-lit photos give the best portraits. HOW SOON YOU GET IT IS UP TO YOU Our 7-10 day processing window includes the time we spend waiting for YOUR approval. You get your free digital preview within 24-48 hours - and the moment you approve it, your mug goes to print. Approve quickly and yours leaves our hands sooner. If we don't hear back within 5 days of sending your preview, we'll print it as shown so your order still ships on time. Ready to surprise them? Add to cart now and order today - your free preview arrives before we print, so you always know exactly what you're getting.",in stock,new,34.99 USD,https://brushedandbrewedco.etsy.com/listing/4546384157,https://i.etsystatic.com/67116408/r/il/05d0f8/8590788851/il_fullxfull.8590788851_dzqv.jpg,"https://i.etsystatic.com/67116408/r/il/63b4e5/8379264436/il_fullxfull.8379264436_36c6.jpg,https://i.etsystatic.com/67116408/r/il/de68c9/8585089055/il_fullxfull.8585089055_m7k9.jpg,https://i.etsystatic.com/67116408/r/il/cb87fe/8585110647/il_fullxfull.8585110647_scs1.jpg,https://i.etsystatic.com/67116408/r/il/266c97/8537270808/il_fullxfull.8537270808_cdnz.jpg,https://i.etsystatic.com/67116408/r/il/03dc62/8470612747/il_fullxfull.8470612747_tv5a.jpg,https://i.etsystatic.com/67116408/r/il/48d2b1/8537358238/il_fullxfull.8537358238_ihai.jpg,https://i.etsystatic.com/67116408/r/il/aeb687/8537400024/il_fullxfull.8537400024_m8h1.jpg,https://i.etsystatic.com/67116408/r/il/6ec7b8/8537769254/il_fullxfull.8537769254_ec5g.jpg,https://i.etsystatic.com/67116408/r/il/468dc1/8585670949/il_fullxfull.8585670949_fmmc.jpg",Brushed & Brewed,Home & Garden > Kitchen & Dining > Tableware > Drinkware > Mugs,Mugs,998,active,US
4550455138,"Bonus Dad Mug, The Dad Who Chose Me, Christmas Gift for Stepdad, Step Dad Coffee Cup, Blended Family Gift, Stocking Filler, Same-Day Preview","LOVE IT OR WE MAKE IT RIGHT Your mug is printed only after you approve your free preview. If it arrives damaged, misprinted, or different from the artwork you approved, just send us a photo within 30 days - we'll reprint it free or refund you in full, your choice. No need to ship anything back. Some heroes don't share our DNA - they choose us. This Christmas, tell the stepdad, bonus dad or father figure who stepped up what words sometimes can't: ""The Dad Who Chose Me."" It's the gift he'll keep on his desk long after the wrapping paper is gone. WHY THEY'LL LOVE IT - Says the thing that's hard to say out loud - A stocking filler with real meaning, not filler - From a stepdaughter, a stepson, or the whole blended family - 11 oz white ceramic mug with a crisp, vivid print that won't fade - Dishwasher and microwave safe - Glossy finish and a comfortable, sturdy handle - Printed to order in Europe and shipped locally - no customs surprises - Ships in a padded box, ready to gift HOLIDAY ORDER DEADLINE Every mug is made when you order it (about 7-10 days, plus shipping). Order by December 7 for Christmas delivery in the UK and EU - earlier is safer. Questions, or want to add a name? Send us a message - we reply fast. Every mug is made when you order it - that's what makes it special.",in stock,new,22.99 USD,https://brushedandbrewedco.etsy.com/listing/4550455138,https://i.etsystatic.com/67116408/r/il/b84cc3/8398946275/il_fullxfull.8398946275_b0mg.jpg,"https://i.etsystatic.com/67116408/r/il/d5fb50/8351059962/il_fullxfull.8351059962_j1vo.jpg,https://i.etsystatic.com/67116408/r/il/665fce/8422748128/il_fullxfull.8422748128_nm9e.jpg,https://i.etsystatic.com/67116408/r/il/e76c51/8470866887/il_fullxfull.8470866887_mb09.jpg,https://i.etsystatic.com/67116408/r/il/9f15da/8391154627/il_fullxfull.8391154627_j47k.jpg,https://i.etsystatic.com/67116408/r/il/54423f/8585141699/il_fullxfull.8585141699_1isl.jpg",Brushed & Brewed,Home & Garden > Kitchen & Dining > Tableware > Drinkware > Mugs,Mugs,999,active,US
4550285450,"Oktoberfest Mug, Bavarian Couple Watercolor, Custom Couple Portrait Option, Lederhosen Dirndl Gift, Accent Color Rim, Same-Day Preview","THE DESIGN SHOWN IS READY TO SHIP - no photo needed. Want your own faces on it instead? That is an optional add-on, at no extra cost. WHAT YOU GET BY DEFAULT Our hand-painted watercolor Bavarian couple in Lederhosen and Dirndl, raising their steins. Order it as-is and we print it exactly as shown. OPTIONAL: YOUR CUSTOM COUPLE PORTRAIT (free upgrade, you choose) Prefer you two on the mug? Upload a photo of the couple in the personalization box and our AI paints you in Trachten, in the same watercolor style. Leave the box blank and you get the ready-made design above. See it before we print: if you order the custom portrait, you get a same-day preview on your phone, plus 1 free revision, before your order goes to production. YOUR CUSTOM MUG IN 4 SIMPLE STEPS (custom orders only) You send a photo -> our AI paints it -> you approve it -> we print your mug. LOVE IT OR WE MAKE IT RIGHT Custom portraits are printed only after you approve your free preview. Damaged or misprinted? Send a photo within 30 days - free reprint or full refund. 11oz ceramic with colored rim and handle, dishwasher and microwave safe. Printed to order in the USA. Prost! Add to cart now - ready-made as shown, or send your photo and we paint you two. GIFT-READY A thoughtful gift for birthdays, Christmas, anniversaries or just because - it arrives in protective packaging, ready to hand over. WHEN YOU GET IT Made to order: 7-10 days of processing, then standard shipping. Approve your preview quickly and it leaves sooner.",in stock,new,32.99 USD,https://brushedandbrewedco.etsy.com/listing/4550285450,https://i.etsystatic.com/67116408/r/il/ea5e88/8541848950/il_fullxfull.8541848950_4tc2.jpg,"https://i.etsystatic.com/67116408/r/il/5f4f54/8357730794/il_fullxfull.8357730794_p2cy.jpg,https://i.etsystatic.com/67116408/r/il/d7333c/8405615363/il_fullxfull.8405615363_pv3u.jpg,https://i.etsystatic.com/67116408/r/il/21c5ac/8389947327/il_fullxfull.8389947327_bscy.jpg,https://i.etsystatic.com/67116408/r/il/1eb4a4/8537247328/il_fullxfull.8537247328_9ph7.jpg,https://i.etsystatic.com/67116408/r/il/0dfed1/8585143753/il_fullxfull.8585143753_bs4t.jpg,https://i.etsystatic.com/67116408/r/il/dec204/8537316136/il_fullxfull.8537316136_mgyx.jpg,https://i.etsystatic.com/67116408/r/il/804cfa/8342062218/il_fullxfull.8342062218_2ttz.jpg,https://i.etsystatic.com/67116408/r/il/07ac61/8342063170/il_fullxfull.8342063170_icel.jpg,https://i.etsystatic.com/67116408/r/il/d30094/8537772472/il_fullxfull.8537772472_nekh.jpg",Brushed & Brewed,Home & Garden > Kitchen & Dining > Tableware > Drinkware > Mugs,Mugs,999,active,US
4550274055,"Halloween Cat Mug, Black Cat Witch Hat Watercolor, Custom Pet Portrait Option, Accent Color Rim, Spooky Season Gift, Same-Day Preview","Imagine their face when they unwrap a gift made just for them - their own photo turned into a custom portrait they'll see every single morning. See it before we print: you get a same-day preview on your phone, plus 1 free revision, before your order goes to production. YOUR MUG IN 4 SIMPLE STEPS You send a photo -> our AI paints it -> you approve it -> we print your mug. LOVE IT OR WE MAKE IT RIGHT Printed only after you approve your free preview (for custom orders). Damaged or misprinted? Photo within 30 days - free reprint or full refund. A watercolor black cat in a witch hat, ready for spooky season - or send YOUR pet's photo and we turn them into the star of the mug (witch hat included on request!). AI-crafted portrait from your photo, preview before we print. 11oz ceramic with colored rim and handle, dishwasher and microwave safe. Printed to order in the USA. Ready to surprise them? Add to cart now and order today - your free preview arrives before we print, so you always know exactly what you're getting.",in stock,new,32.99 USD,https://brushedandbrewedco.etsy.com/listing/4550274055,https://i.etsystatic.com/67116408/r/il/9db35d/8542945434/il_fullxfull.8542945434_s13b.jpg,"https://i.etsystatic.com/67116408/r/il/28f2ee/8357730372/il_fullxfull.8357730372_t5kx.jpg,https://i.etsystatic.com/67116408/r/il/94c8db/8357730456/il_fullxfull.8357730456_hue2.jpg,https://i.etsystatic.com/67116408/r/il/07c334/8585094717/il_fullxfull.8585094717_135s.jpg,https://i.etsystatic.com/67116408/r/il/a157f4/8594801445/il_fullxfull.8594801445_rgun.jpg,https://i.etsystatic.com/67116408/r/il/315035/8342061708/il_fullxfull.8342061708_6ukw.jpg,https://i.etsystatic.com/67116408/r/il/9435b2/8389946847/il_fullxfull.8389946847_7fl4.jpg,https://i.etsystatic.com/67116408/r/il/2260d8/8389947267/il_fullxfull.8389947267_ny7f.jpg,https://i.etsystatic.com/67116408/r/il/aa5c7e/8585225329/il_fullxfull.8585225329_2638.jpg,https://i.etsystatic.com/67116408/r/il/5954d2/8585270881/il_fullxfull.8585270881_hxkg.jpg",Brushed & Brewed,Home & Garden > Kitchen & Dining > Tableware > Drinkware > Mugs,Mugs,999,active,US
4550285316,"Custom Family Portrait Mug from Photo, Watercolor or Photo-Real Print, Accent Color Rim, Personalized Family Gift, 11oz, Same-Day Preview","Imagine their face when they unwrap a gift made just for them - their own photo turned into a custom portrait they'll see every single morning. See it before we print: you get a same-day preview on your phone, plus 1 free revision, before your order goes to production. YOUR MUG IN 4 SIMPLE STEPS You send a photo -> our AI paints it -> you approve it -> we print your mug. LOVE IT OR WE MAKE IT RIGHT Your mug is printed only after you approve your free preview. If it arrives damaged, misprinted, or different from the artwork you approved, send us a photo within 30 days - free reprint or full refund, your choice. WE PRINT MORE THAN PHOTOS: kids drawings, handwritten recipes, notes and artwork - printed exactly as they are, or turned into a portrait. Your choice. Turn your favorite family photo into art on a mug with a colored rim and handle. Send your photo after ordering, tell us your style (watercolor or photo-real), and within 24-48 hours you receive a preview for approval. One free revision included - we only print when you love it. Hand-picked layouts, AI-crafted portrait from your photo. 11oz ceramic, dishwasher and microwave safe, vivid fade-resistant print. Printed to order in the USA. Ready to surprise them? Add to cart now and order today - your free preview arrives before we print, so you always know exactly what you're getting.",in stock,new,32.99 USD,https://brushedandbrewedco.etsy.com/listing/4550285316,https://i.etsystatic.com/67116408/r/il/d3afab/8470614569/il_fullxfull.8470614569_l2aa.jpg,"https://i.etsystatic.com/67116408/r/il/a6444b/8422999958/il_fullxfull.8422999958_b1u7.jpg,https://i.etsystatic.com/67116408/r/il/7ac939/8389945863/il_fullxfull.8389945863_qbiv.jpg,https://i.etsystatic.com/67116408/r/il/11c006/8342061628/il_fullxfull.8342061628_1380.jpg,https://i.etsystatic.com/67116408/r/il/fccb33/8389947225/il_fullxfull.8389947225_987b.jpg,https://i.etsystatic.com/67116408/r/il/0de988/8342062974/il_fullxfull.8342062974_fnyw.jpg,https://i.etsystatic.com/67116408/r/il/73d4f6/8537318706/il_fullxfull.8537318706_na4o.jpg,https://i.etsystatic.com/67116408/r/il/fa1fb5/8585231709/il_fullxfull.8585231709_m0oz.jpg,https://i.etsystatic.com/67116408/r/il/31813e/8342062076/il_fullxfull.8342062076_2hcy.jpg,https://i.etsystatic.com/67116408/r/il/6ecbf5/8537774990/il_fullxfull.8537774990_22n2.jpg",Brushed & Brewed,Home & Garden > Kitchen & Dining > Tableware > Drinkware > Mugs,Mugs,999,active,US
4546902181,"World's Okayest Boss Mug, Funny Coffee Cup for Boss's Day, Sarcastic Office Present","Imagine their face on Boss's Day when they unwrap a mug that finally says what everyone's thinking. See it before we print - we send a free digital preview the same day you order, plus 1 free revision if you want a tweak. The funny gift for the boss who runs the office, survives the meetings, and still remembers everyone's coffee order. Sarcastic, honest, and guaranteed to get a laugh at the desk. WHY THEY'LL LOVE IT - The funny office gift that says thank you without the cheesy card - A desk mug they'll actually reach for every morning - Clean, modern print that fits any office or kitchen - 11 oz white ceramic mug with a crisp, vivid print that won't fade - Dishwasher and microwave safe - Glossy finish, comfortable sturdy handle - Printed to order in the USA and shipped fast - Ships in protective packaging, ready to gift LOVE IT OR WE MAKE IT RIGHT: if it arrives damaged or misprinted, send a photo within 30 days and we reprint free or refund in full - no need to ship anything back. ORDER NOW - order by October 9 for standard delivery before Boss's Day (October 16), earlier is safer. Questions? Send us a message - we reply fast. Every mug is made when you order it - that's what makes it special.",in stock,new,21.99 USD,https://brushedandbrewedco.etsy.com/listing/4546902181,https://i.etsystatic.com/67116408/r/il/4cf665/8581315789/il_fullxfull.8581315789_j710.jpg,"https://i.etsystatic.com/67116408/r/il/a80dc9/8581271039/il_fullxfull.8581271039_kfs0.jpg,https://i.etsystatic.com/67116408/r/il/600aee/8533492996/il_fullxfull.8533492996_lgrs.jpg,https://i.etsystatic.com/67116408/r/il/a0b89c/8537229114/il_fullxfull.8537229114_r6gn.jpg,https://i.etsystatic.com/67116408/r/il/dd62ab/8532447542/il_fullxfull.8532447542_3w5y.jpg,https://i.etsystatic.com/67116408/r/il/5917c7/8580319385/il_fullxfull.8580319385_q9rt.jpg,https://i.etsystatic.com/67116408/r/il/c7af57/8537321176/il_fullxfull.8537321176_si3p.jpg,https://i.etsystatic.com/67116408/r/il/173d53/8585233797/il_fullxfull.8585233797_j281.jpg,https://i.etsystatic.com/67116408/r/il/8f05cd/8585605165/il_fullxfull.8585605165_t2f8.jpg,https://i.etsystatic.com/67116408/r/il/0fbd2b/8537777606/il_fullxfull.8537777606_k9si.jpg",Brushed & Brewed,Home & Garden > Kitchen & Dining > Tableware > Drinkware > Mugs,Mugs,999,active,US
4546901243,"Custom Dog Dad Phone Case, Personalized Watercolor Pet Portrait, Funny Dog Dad Gift, iPhone Samsung Case","See it before we print: you get a same-day preview on your phone, plus 1 free revision, before your order goes to production. Imagine carrying your best friend with you everywhere you go - every dog dad deserves that. this case turns your favorite photo into art he will show off on every call. WHAT YOU GET A hand-finished, AI-assisted watercolor-style portrait of YOUR dog, made from your own photo - the same look that made our Best Dog Dad mug a customer favorite, now on a phone case. SIZE & FIT Dual-layer tough case (hard back + soft inner), raised edges to protect the screen, full-wrap print that will not peel, wireless charging compatible. Fits iPhone 15/16 and Samsung Galaxy S24/S25 - tell us your exact model. HOW IT WORKS 1) Order and send your photo(s) via Etsy Messages right after checkout. 2) Within 24 hours you get a realistic preview of your case for approval. 3) One free revision included - we only print once you love it. 4) Printed to order in the USA and shipped free. OUR PROMISE 30 day return policy, careful US-based printing, and a real person checking every preview before it ships. Order by October 20th to receive before Halloween (rush options available for later dates too - just ask!). Get him a case he will actually want to use - order now and turn his favorite photo into everyday carry art. GIFT-READY A thoughtful gift for birthdays, Christmas, anniversaries or just because - it arrives in protective packaging, ready to hand over.",in stock,new,29.99 USD,https://brushedandbrewedco.etsy.com/listing/4546901243,https://i.etsystatic.com/67116408/r/il/e1db32/8539330218/il_fullxfull.8539330218_4wtv.jpg,"https://i.etsystatic.com/67116408/r/il/ab9a7d/8539330616/il_fullxfull.8539330616_7tmb.jpg,https://i.etsystatic.com/67116408/r/il/c58dfb/8587196331/il_fullxfull.8587196331_p8g5.jpg,https://i.etsystatic.com/67116408/r/il/5fd9fe/8543102054/il_fullxfull.8543102054_8ibq.jpg,https://i.etsystatic.com/67116408/r/il/d32221/8539330848/il_fullxfull.8539330848_5864.jpg,https://i.etsystatic.com/67116408/r/il/52c6a6/8539331038/il_fullxfull.8539331038_snxu.jpg,https://i.etsystatic.com/67116408/r/il/b40aa6/8587196565/il_fullxfull.8587196565_5k8q.jpg",Brushed & Brewed,Electronics > Communications > Telephony > Mobile Phone Accessories > Mobile Phone Cases,Phone Cases,999,active,US
4546901071,"Custom Cat Mom Phone Case, Personalized Watercolor Pet Portrait, Funny Cat Mom Gift, iPhone Samsung Case","See it before we print: you get a same-day preview on your phone, plus 1 free revision, before your order goes to production. Imagine carrying your favorite whiskers with you everywhere you go - every cat mom deserves that. this case turns your favorite photo into art she will show off on every call. WHAT YOU GET A hand-finished, AI-assisted watercolor-style portrait of YOUR cat, made from your own photo - the same look that made our Best Cat Mom mug a customer favorite, now on a phone case. SIZE & FIT Dual-layer tough case (hard back + soft inner), raised edges to protect the screen, full-wrap print that will not peel, wireless charging compatible. Fits iPhone 15/16 and Samsung Galaxy S24/S25 - tell us your exact model. HOW IT WORKS 1) Order and send your photo(s) via Etsy Messages right after checkout. 2) Within 24 hours you get a realistic preview of your case for approval. 3) One free revision included - we only print once you love it. 4) Printed to order in the USA and shipped free. OUR PROMISE 30 day return policy, careful US-based printing, and a real person checking every preview before it ships. Order by October 20th to receive before Halloween (rush options available for later dates too - just ask!). Get her a case she will actually want to use - order now and turn her favorite photo into everyday carry art. GIFT-READY A thoughtful gift for birthdays, Christmas, anniversaries or just because - it arrives in protective packaging, ready to hand over.",in stock,new,29.99 USD,https://brushedandbrewedco.etsy.com/listing/4546901071,https://i.etsystatic.com/67116408/r/il/a83018/8539338382/il_fullxfull.8539338382_d5n5.jpg,"https://i.etsystatic.com/67116408/r/il/0e90ec/8539338834/il_fullxfull.8539338834_krv7.jpg,https://i.etsystatic.com/67116408/r/il/75cfbe/8587204641/il_fullxfull.8587204641_hn4x.jpg,https://i.etsystatic.com/67116408/r/il/002544/8587203733/il_fullxfull.8587203733_tq04.jpg,https://i.etsystatic.com/67116408/r/il/d163fe/8539339042/il_fullxfull.8539339042_aaqt.jpg,https://i.etsystatic.com/67116408/r/il/ebf255/8539339278/il_fullxfull.8539339278_tjd5.jpg,https://i.etsystatic.com/67116408/r/il/5b6c27/8539339828/il_fullxfull.8539339828_rz12.jpg",Brushed & Brewed,Electronics > Communications > Telephony > Mobile Phone Accessories > Mobile Phone Cases,Phone Cases,999,active,US
4546900945,"Custom Family Christmas Phone Case, Personalized Watercolor Portrait, Holiday Photo Gift, iPhone Samsung Case","See it before we print: you get a same-day preview on your phone, plus 1 free revision, before your order goes to production. Imagine the whole family, carried in one pocket - this case turns your favorite family photo into warm holiday-ready art everyone will ask about. WHAT YOU GET A hand-finished, AI-assisted watercolor-style portrait of YOUR family, made from your own photo - the same look that made our Family Christmas mug a customer favorite, now on a phone case. SIZE & FIT Dual-layer tough case (hard back + soft inner), raised edges to protect the screen, full-wrap print that will not peel, wireless charging compatible. Fits iPhone 15/16 and Samsung Galaxy S24/S25 - tell us your exact model. HOW IT WORKS 1) Order and send your photo(s) via Etsy Messages right after checkout. 2) Within 24 hours you get a realistic preview of your case for approval. 3) One free revision included - we only print once you love it. 4) Printed to order in the USA and shipped free. OUR PROMISE 30 day return policy, careful US-based printing, and a real person checking every preview before it ships. Order early to guarantee it arrives in time for the holidays (rush options available - just ask!). A gift every parent or grandparent will actually use - order now and turn your family photo into everyday carry art.",in stock,new,29.99 USD,https://brushedandbrewedco.etsy.com/listing/4546900945,https://i.etsystatic.com/67116408/r/il/37357a/8587212829/il_fullxfull.8587212829_pqg6.jpg,"https://i.etsystatic.com/67116408/r/il/74209c/8539348196/il_fullxfull.8539348196_di9a.jpg,https://i.etsystatic.com/67116408/r/il/b16da7/8539349062/il_fullxfull.8539349062_h6gr.jpg,https://i.etsystatic.com/67116408/r/il/19dbf5/8587213077/il_fullxfull.8587213077_16pu.jpg,https://i.etsystatic.com/67116408/r/il/607973/8539348406/il_fullxfull.8539348406_hrgs.jpg,https://i.etsystatic.com/67116408/r/il/ad05ab/8539348682/il_fullxfull.8539348682_g0dl.jpg,https://i.etsystatic.com/67116408/r/il/4be4f1/8539349302/il_fullxfull.8539349302_dbs4.jpg",Brushed & Brewed,Electronics > Communications > Telephony > Mobile Phone Accessories > Mobile Phone Cases,Phone Cases,999,active,US
4546784267,"Christmas Mug Set of 2, Santa Paws Pet Portrait Mugs From Photo, Red and Green Holiday Mugs, Personalized Dog Christmas, Same-Day Preview","Imagine their face when they unwrap a gift made just for them - their own photo turned into a custom portrait they'll see every single morning. See it before we print: you get a same-day preview on your phone, plus 1 free revision, before your order goes to production. LOVE IT OR WE MAKE IT RIGHT Your mug is printed only after you approve your free preview. If it arrives damaged, misprinted, or different from the artwork you approved, just send us a photo within 30 days - we'll reprint it free or refund you in full, your choice. No need to ship anything back. YOUR MUG IN 4 SIMPLE STEPS You send a photo -> our AI paints it -> you approve it -> we print your mug. WE PRINT MORE THAN PHOTOS: kids' drawings, handwritten recipes, notes and artwork - printed exactly as they are, or turned into a portrait. Your choice. One red, one green - your pets in Santa hats, side by side under the tree. FREE digital preview within 24h - you approve it before we print. One free revision included. HOW IT WORKS (easy!) 1. Order and upload your photos right on this listing 2. Tell us the names to print and your style: Watercolor, Cartoon or Realistic 3. Within 24 hours you receive a preview of BOTH designs - we only print when you love them WHAT YOU GET - 2 x 11 oz accent mugs (one RED, one GREEN) with Santa hat portraits and names - Vivid fade-resistant print, dishwasher and microwave safe - Printed to order in the USA, free US shipping A little everyday way to keep your favorite faces close. HOW SOON YOU GET IT IS UP TO YOU Our 7-10 day processing window includes the time we spend waiting for YOUR approval. You get your free digital preview within 24-48 hours - and the moment you approve it, your mug goes to print. Approve quickly and yours leaves our hands sooner. If we don't hear back within 5 days of sending your preview, we'll print it as shown so your order still ships on time. Ready to surprise them? Add to cart now and order today - your free preview arrives before we print, so you always know exactly what you're getting.",in stock,new,46.95 USD,https://brushedandbrewedco.etsy.com/listing/4546784267,https://i.etsystatic.com/67116408/r/il/320032/8317292356/il_fullxfull.8317292356_2vsi.jpg,"https://i.etsystatic.com/67116408/r/il/f53adb/8365471767/il_fullxfull.8365471767_6saw.jpg,https://i.etsystatic.com/67116408/r/il/107e10/8317584684/il_fullxfull.8317584684_keeq.jpg,https://i.etsystatic.com/67116408/r/il/fbc59e/8365474521/il_fullxfull.8365474521_nrs0.jpg,https://i.etsystatic.com/67116408/r/il/a7c73f/8427139669/il_fullxfull.8427139669_pb7g.jpg,https://i.etsystatic.com/67116408/r/il/bc8793/8537289584/il_fullxfull.8537289584_1ize.jpg,https://i.etsystatic.com/67116408/r/il/d5043e/8629838087/il_fullxfull.8629838087_8sus.jpg",Brushed & Brewed,Home & Garden > Kitchen & Dining > Tableware > Drinkware > Mugs,Mugs,999,active,US
4546798422,"Custom Halloween Portrait Mug, Spooky Watercolor from Your Photo, Free Preview, Same-Day Preview","Imagine their face when they unwrap a gift made just for them - their own photo turned into a custom portrait they'll see every single morning. See it before we print: you get a same-day preview on your phone, plus 1 free revision, before your order goes to production. LOVE IT OR WE MAKE IT RIGHT Your mug is printed only after you approve your free preview. If it arrives damaged, misprinted, or different from the artwork you approved, just send us a photo within 30 days - we'll reprint it free or refund you in full, your choice. No need to ship anything back. YOUR MUG IN 4 SIMPLE STEPS You send a photo -> our AI paints it -> you approve it -> we print your mug. WE PRINT MORE THAN PHOTOS: kids' drawings, handwritten recipes, notes and artwork - printed exactly as they are, or turned into a portrait. Your choice. FREE PREVIEW BEFORE WE PRINT: turn any photo into a playful spooky watercolor portrait, made just for the Halloween season. Send a photo of your pet, your couple, your family, or even yourself - we paint it in a soft watercolor style with a fun Halloween touch: a little witch hat, a pumpkin, bat wings, or your own idea. Nothing scary, just a cozy fall keepsake for your morning coffee. FREE digital preview within 24h - you approve it before we print. One free revision included. HOW IT WORKS (easy!) 1. Order and upload your photo right on this listing 2. Tell us the name to print and your style: Watercolor, Cartoon or Realistic Tell us the Halloween touch: witch hat, pumpkin, bat wings, or your own idea 3. Within 24 hours you receive a preview of YOUR mug - we only print when you love it WHAT YOU GET - Hand-finished portrait made from your photo - 11 oz ceramic mug, vivid fade-resistant print - Dishwasher and microwave safe - Printed to order in the USA, free US shipping A cozy little way to bring your favorite face into fall. HOW SOON YOU GET IT IS UP TO YOU Our 7-10 day processing window includes the time we spend waiting for YOUR approval. You get your free digital preview within 24-48 hours - and the moment you approve it, your mug goes to print. Approve quickly and yours leaves our hands sooner. If we don't hear back within 5 days of sending your preview, we'll print it as shown so your order still ships on time. Ready to surprise them? Add to cart now and order today - your free preview arrives before we print, so you always know exactly what you're getting.",in stock,new,24.99 USD,https://brushedandbrewedco.etsy.com/listing/4546798422,https://i.etsystatic.com/67116408/r/il/bf49a2/8317568874/il_fullxfull.8317568874_jugo.jpg,"https://i.etsystatic.com/67116408/r/il/b4234d/8401860813/il_fullxfull.8401860813_fpdv.jpg,https://i.etsystatic.com/67116408/r/il/684c25/8401860875/il_fullxfull.8401860875_ix7y.jpg,https://i.etsystatic.com/67116408/r/il/69881a/8354031154/il_fullxfull.8354031154_py4m.jpg,https://i.etsystatic.com/67116408/r/il/6ebeab/8537255986/il_fullxfull.8537255986_fuha.jpg,https://i.etsystatic.com/67116408/r/il/7264e9/8585159139/il_fullxfull.8585159139_nucn.jpg,https://i.etsystatic.com/67116408/r/il/5157e5/8470400967/il_fullxfull.8470400967_n6ie.jpg,https://i.etsystatic.com/67116408/r/il/c07e9e/8470401235/il_fullxfull.8470401235_g9cz.jpg,https://i.etsystatic.com/67116408/r/il/dc91c9/8579994471/il_fullxfull.8579994471_r2d0.jpg,https://i.etsystatic.com/67116408/r/il/aa66a3/8365460445/il_fullxfull.8365460445_44m6.jpg",Brushed & Brewed,Home & Garden > Kitchen & Dining > Tableware > Drinkware > Mugs,Mugs,999,active,US
4546798450,"Christmas Dog Mug, Custom Pet Portrait With Santa Hat From Photo, Personalized Christmas Gift for Dog Lovers, Red, Same-Day Preview","Imagine their face when they unwrap a gift made just for them - their own photo turned into a custom portrait they'll see every single morning. See it before we print: you get a same-day preview on your phone, plus 1 free revision, before your order goes to production. LOVE IT OR WE MAKE IT RIGHT Your mug is printed only after you approve your free preview. If it arrives damaged, misprinted, or different from the artwork you approved, just send us a photo within 30 days - we'll reprint it free or refund you in full, your choice. No need to ship anything back. YOUR MUG IN 4 SIMPLE STEPS You send a photo -> our AI paints it -> you approve it -> we print your mug. WE PRINT MORE THAN PHOTOS: kids' drawings, handwritten recipes, notes and artwork - printed exactly as they are, or turned into a portrait. Your choice. Your dog in a Santa hat, painted from your photo on a red accent mug - Christmas morning ready. FREE digital preview within 24h - you approve it before we print. One free revision included. HOW IT WORKS (easy!) 1. Order and upload your photo right on this listing 2. Tell us the name to print and your style: Watercolor, Cartoon or Realistic 3. Within 24 hours you receive a preview of YOUR mug - we only print when you love it WHAT YOU GET - Hand-finished portrait made from your photo - 11 oz ceramic mug with RED rim, handle and inside, vivid fade-resistant print - Dishwasher and microwave safe - Printed to order in the USA, free US shipping A little everyday way to keep a happy memory close. HOW SOON YOU GET IT IS UP TO YOU Our 7-10 day processing window includes the time we spend waiting for YOUR approval. You get your free digital preview within 24-48 hours - and the moment you approve it, your mug goes to print. Approve quickly and yours leaves our hands sooner. If we don't hear back within 5 days of sending your preview, we'll print it as shown so your order still ships on time. Ready to surprise them? Add to cart now and order today - your free preview arrives before we print, so you always know exactly what you're getting.",in stock,new,21.95 USD,https://brushedandbrewedco.etsy.com/listing/4546798450,https://i.etsystatic.com/67116408/r/il/92c6c9/8365182229/il_fullxfull.8365182229_tf09.jpg,"https://i.etsystatic.com/67116408/r/il/2d7bdd/8365462523/il_fullxfull.8365462523_35bp.jpg,https://i.etsystatic.com/67116408/r/il/3a6c64/8317576310/il_fullxfull.8317576310_tocu.jpg,https://i.etsystatic.com/67116408/r/il/c52b05/8365470423/il_fullxfull.8365470423_nhp0.jpg,https://i.etsystatic.com/67116408/r/il/c952b8/8379267222/il_fullxfull.8379267222_t40l.jpg,https://i.etsystatic.com/67116408/r/il/34172e/8585161773/il_fullxfull.8585161773_qfr6.jpg,https://i.etsystatic.com/67116408/r/il/66ccf8/8537618166/il_fullxfull.8537618166_en1e.jpg",Brushed & Brewed,Home & Garden > Kitchen & Dining > Tableware > Drinkware > Mugs,Mugs,999,active,US
4546798390,"Dog Grandma and Dog Grandpa Christmas Mug Set of 2, Holiday Gift for Grandparents, Granddog Christmas Present, Funny Dog Lover Mugs","Imagine your grandparents unwrapping this granddog mug set by the Christmas tree. LOVE IT OR WE MAKE IT RIGHT Your mug is printed only after you approve your free preview. If it arrives damaged, misprinted, or different from the artwork you approved, just send us a photo within 30 days - we'll reprint it free or refund you in full, your choice. No need to ship anything back. For the grandparents who spoil the granddog rotten - and love every minute of it. WHAT YOU GET - 2 x 11 oz ceramic mugs: DOG GRANDMA in a floral wreath and DOG GRANDPA with paw prints - Vivid fade-resistant print, dishwasher and microwave safe - Printed to order in the USA, free US shipping The perfect pair for Grandparents Day, Christmas or just because the granddog said so. Order now for a holiday gift they will treasure this Christmas.",in stock,new,33.95 USD,https://brushedandbrewedco.etsy.com/listing/4546798390,https://i.etsystatic.com/67116408/r/il/9e7e8f/8541240266/il_fullxfull.8541240266_izs3.jpg,"https://i.etsystatic.com/67116408/r/il/9732e2/8589105881/il_fullxfull.8589105881_qdx8.jpg,https://i.etsystatic.com/67116408/r/il/0d4f62/8590801747/il_fullxfull.8590801747_ip58.jpg,https://i.etsystatic.com/67116408/r/il/2d02cb/8365448685/il_fullxfull.8365448685_mbt0.jpg,https://i.etsystatic.com/67116408/r/il/334c67/8541243568/il_fullxfull.8541243568_m93r.jpg,https://i.etsystatic.com/67116408/r/il/d0ba06/8317291586/il_fullxfull.8317291586_rzl4.jpg,https://i.etsystatic.com/67116408/r/il/ec58d4/8317552066/il_fullxfull.8317552066_qwe4.jpg,https://i.etsystatic.com/67116408/r/il/61cd00/8542069370/il_fullxfull.8542069370_3bt3.jpg,https://i.etsystatic.com/67116408/r/il/a06008/8589936785/il_fullxfull.8589936785_is61.jpg,https://i.etsystatic.com/67116408/r/il/a6732d/8589938829/il_fullxfull.8589938829_ej8t.jpg",Brushed & Brewed,Home & Garden > Kitchen & Dining > Tableware > Drinkware > Mugs,Mugs,999,active,US
4546798368,"Personalized Dog Mug With Name, Custom Pet Portrait From Photo on a Color Accent Mug, Dog Mom Gift, Dog Dad Gift, Free Preview","LOVE IT OR WE MAKE IT RIGHT Your mug is printed only after you approve your free preview. If it arrives damaged, misprinted, or different from the artwork you approved, just send us a photo within 30 days - we'll reprint it free or refund you in full, your choice. No need to ship anything back. Imagine your dog happy face greeting you every morning on your coffee mug. Your dog's face and name on a mug with a pop of color - rim, handle and inside to match. FREE digital preview within 24h - you approve it before we print. One free revision included. HOW IT WORKS (easy!) 1. Order and upload your photo right on this listing 2. Tell us the name to print and your style: Watercolor, Cartoon or Realistic Plus pick your accent color: Black, Navy, Light Blue, Pink, Purple, Red, Orange, Yellow or Light Green 3. Within 24 hours you receive a preview of YOUR mug - we only print when you love it WHAT YOU GET - Hand-finished portrait made from your photo - 11 oz ceramic mug, vivid fade-resistant print - Dishwasher and microwave safe - Printed to order in the USA, free US shipping A little everyday way to keep a happy memory close. Order now and start your free preview today. GIFT-READY A thoughtful gift for birthdays, Christmas, anniversaries or just because - it arrives in protective packaging, ready to hand over.",in stock,new,21.95 USD,https://brushedandbrewedco.etsy.com/listing/4546798368,https://i.etsystatic.com/67116408/r/il/d35074/8365181479/il_fullxfull.8365181479_sgbk.jpg,"https://i.etsystatic.com/67116408/r/il/8a454f/8317547682/il_fullxfull.8317547682_5vmq.jpg,https://i.etsystatic.com/67116408/r/il/680669/8317548648/il_fullxfull.8317548648_lhuw.jpg,https://i.etsystatic.com/67116408/r/il/ac48d8/8365438553/il_fullxfull.8365438553_gvnn.jpg,https://i.etsystatic.com/67116408/r/il/525efd/8543043396/il_fullxfull.8543043396_md4j.jpg,https://i.etsystatic.com/67116408/r/il/17c13f/8543049312/il_fullxfull.8543049312_9t6a.jpg,https://i.etsystatic.com/67116408/r/il/dab33b/8590916485/il_fullxfull.8590916485_ggwo.jpg,https://i.etsystatic.com/67116408/r/il/5095e8/8543055394/il_fullxfull.8543055394_s8ck.jpg",Brushed & Brewed,Home & Garden > Kitchen & Dining > Tableware > Drinkware > Mugs,Mugs,999,active,US
4546798340,"Couple and Pet Mug Set of 3, His Hers and the Dog, Personalized Family Mugs From Photo, Housewarming Gift for Dog Parents, Same-Day Preview","Imagine their face when they unwrap a gift made just for them - their own photo turned into a custom portrait they'll see every single morning. See it before we print: you get a same-day preview on your phone, plus 1 free revision, before your order goes to production. LOVE IT OR WE MAKE IT RIGHT Your mug is printed only after you approve your free preview. If it arrives damaged, misprinted, or different from the artwork you approved, just send us a photo within 30 days - we'll reprint it free or refund you in full, your choice. No need to ship anything back. YOUR MUG IN 4 SIMPLE STEPS You send a photo -> our AI paints it -> you approve it -> we print your mug. WE PRINT MORE THAN PHOTOS: kids' drawings, handwritten recipes, notes and artwork - printed exactly as they are, or turned into a portrait. Your choice. The whole little family at the breakfast table - HIS, HERS and one signed by the dog. FREE digital preview within 24h - you approve it before we print. One free revision included. HOW IT WORKS (easy!) 1. Order and upload your photos right on this listing 2. Tell us the names to print and your style: Watercolor, Cartoon or Realistic 3. Within 24 hours you receive a preview of BOTH designs - we only print when you love them WHAT YOU GET - 3 x 11 oz ceramic mugs: HIS, HERS and your pet's own mug with portrait and paw print - Vivid fade-resistant print, dishwasher and microwave safe - Printed to order in the USA, free US shipping A little everyday way to keep your favorite faces close. HOW SOON YOU GET IT IS UP TO YOU Our 7-10 day processing window includes the time we spend waiting for YOUR approval. You get your free digital preview within 24-48 hours - and the moment you approve it, your mug goes to print. Approve quickly and yours leaves our hands sooner. If we don't hear back within 5 days of sending your preview, we'll print it as shown so your order still ships on time. Ready to surprise them? Add to cart now and order today - your free preview arrives before we print, so you always know exactly what you're getting.",in stock,new,54.95 USD,https://brushedandbrewedco.etsy.com/listing/4546798340,https://i.etsystatic.com/67116408/r/il/b1f66d/8551174204/il_fullxfull.8551174204_c8ye.jpg,"https://i.etsystatic.com/67116408/r/il/c21657/8590792401/il_fullxfull.8590792401_21xi.jpg,https://i.etsystatic.com/67116408/r/il/8327b4/8317544568/il_fullxfull.8317544568_m6oj.jpg,https://i.etsystatic.com/67116408/r/il/bb496f/8317538576/il_fullxfull.8317538576_988y.jpg,https://i.etsystatic.com/67116408/r/il/f0cd90/8579994797/il_fullxfull.8579994797_co3a.jpg,https://i.etsystatic.com/67116408/r/il/b19967/8585163651/il_fullxfull.8585163651_gsy8.jpg,https://i.etsystatic.com/67116408/r/il/cf4c6a/8585493159/il_fullxfull.8585493159_lp8w.jpg",Brushed & Brewed,Home & Garden > Kitchen & Dining > Tableware > Drinkware > Mugs,Mugs,999,active,US
4546798310,"Pet Memorial Gift Set of 2, Rainbow Bridge Mugs From Photo, Custom Dog Memorial Portrait With Name and Dates, Same-Day Preview","Imagine their face when they unwrap a gift made just for them - their own photo turned into a custom portrait they'll see every single morning. See it before we print: you get a same-day preview on your phone, plus 1 free revision, before your order goes to production. LOVE IT OR WE MAKE IT RIGHT Your mug is printed only after you approve your free preview. If it arrives damaged, misprinted, or different from the artwork you approved, just send us a photo within 30 days - we'll reprint it free or refund you in full, your choice. No need to ship anything back. YOUR MUG IN 4 SIMPLE STEPS You send a photo -> our AI paints it -> you approve it -> we print your mug. WE PRINT MORE THAN PHOTOS: kids' drawings, handwritten recipes, notes and artwork - printed exactly as they are, or turned into a portrait. Your choice. Some friends stay with us forever - in the happy memories we hold every morning. FREE digital preview within 24h - you approve it before we print. One free revision included. HOW IT WORKS (easy!) 1. Order and upload your photos right on this listing 2. Tell us the names to print and your style: Watercolor, Cartoon or Realistic 3. Within 24 hours you receive a preview of BOTH designs - we only print when you love them WHAT YOU GET - 2 x 11 oz ceramic mugs with a gentle portrait, name and dates - Vivid fade-resistant print, dishwasher and microwave safe - Printed to order in the USA, free US shipping A little everyday way to keep your favorite faces close. HOW SOON YOU GET IT IS UP TO YOU Our 7-10 day processing window includes the time we spend waiting for YOUR approval. You get your free digital preview within 24-48 hours - and the moment you approve it, your mug goes to print. Approve quickly and yours leaves our hands sooner. If we don't hear back within 5 days of sending your preview, we'll print it as shown so your order still ships on time. Ready to surprise them? Add to cart now and order today - your free preview arrives before we print, so you always know exactly what you're getting.",in stock,new,44.95 USD,https://brushedandbrewedco.etsy.com/listing/4546798310,https://i.etsystatic.com/67116408/r/il/7afbd5/8365422885/il_fullxfull.8365422885_bj76.jpg,"https://i.etsystatic.com/67116408/r/il/e7e4ad/8365419265/il_fullxfull.8365419265_a3r3.jpg,https://i.etsystatic.com/67116408/r/il/96b5cc/8379266188/il_fullxfull.8379266188_85ub.jpg,https://i.etsystatic.com/67116408/r/il/4f7a3d/8585102471/il_fullxfull.8585102471_b81i.jpg,https://i.etsystatic.com/67116408/r/il/0797ba/8365180943/il_fullxfull.8365180943_mpu7.jpg,https://i.etsystatic.com/67116408/r/il/8420d3/8317528460/il_fullxfull.8317528460_r3sw.jpg,https://i.etsystatic.com/67116408/r/il/6c6ce8/8585231037/il_fullxfull.8585231037_6e3t.jpg",Brushed & Brewed,Home & Garden > Kitchen & Dining > Tableware > Drinkware > Mugs,Mugs,999,active,US
4546784055,"Personalized Dog Mug Set of 2, His and Hers Pet Portrait Mugs From Photo, Couple Gift for Dog Parents, Custom Portraits, Same-Day Preview","Imagine their face when they unwrap a gift made just for them - their own photo turned into a custom portrait they'll see every single morning. See it before we print: you get a same-day preview on your phone, plus 1 free revision, before your order goes to production. LOVE IT OR WE MAKE IT RIGHT Your mug is printed only after you approve your free preview. If it arrives damaged, misprinted, or different from the artwork you approved, just send us a photo within 30 days - we'll reprint it free or refund you in full, your choice. No need to ship anything back. YOUR MUG IN 4 SIMPLE STEPS You send a photo -> our AI paints it -> you approve it -> we print your mug. WE PRINT MORE THAN PHOTOS: kids' drawings, handwritten recipes, notes and artwork - printed exactly as they are, or turned into a portrait. Your choice. Two mugs, one love story - your pets painted side by side, one for each of you. FREE digital preview within 24h - you approve it before we print. One free revision included. HOW IT WORKS (easy!) 1. Order and upload your photos right on this listing 2. Tell us the names to print and your style: Watercolor, Cartoon or Realistic 3. Within 24 hours you receive a preview of BOTH designs - we only print when you love them WHAT YOU GET - 2 x 11 oz ceramic mugs with custom portraits and names - Vivid fade-resistant print, dishwasher and microwave safe - Printed to order in the USA, free US shipping A little everyday way to keep your favorite faces close. HOW SOON YOU GET IT IS UP TO YOU Our 7-10 day processing window includes the time we spend waiting for YOUR approval. You get your free digital preview within 24-48 hours - and the moment you approve it, your mug goes to print. Approve quickly and yours leaves our hands sooner. If we don't hear back within 5 days of sending your preview, we'll print it as shown so your order still ships on time. Ready to surprise them? Add to cart now and order today - your free preview arrives before we print, so you always know exactly what you're getting.",in stock,new,44.95 USD,https://brushedandbrewedco.etsy.com/listing/4546784055,https://i.etsystatic.com/67116408/r/il/7dfdbe/8317290482/il_fullxfull.8317290482_nohk.jpg,"https://i.etsystatic.com/67116408/r/il/708fa1/8581284961/il_fullxfull.8581284961_8joa.jpg,https://i.etsystatic.com/67116408/r/il/7dc869/8379265012/il_fullxfull.8379265012_pdhi.jpg,https://i.etsystatic.com/67116408/r/il/e56fa6/8365406641/il_fullxfull.8365406641_rjeu.jpg,https://i.etsystatic.com/67116408/r/il/1eea38/8365414727/il_fullxfull.8365414727_99aa.jpg,https://i.etsystatic.com/67116408/r/il/57822a/8365477537/il_fullxfull.8365477537_289x.jpg,https://i.etsystatic.com/67116408/r/il/671435/8603759179/il_fullxfull.8603759179_91xj.jpg",Brushed & Brewed,Home & Garden > Kitchen & Dining > Tableware > Drinkware > Mugs,Mugs,999,active,US
4546408804,"Personalized Cat Mug with Name, Custom Cat Portrait from Photo, Pick Your Color Accent Mug 11oz, Cat Mom Gift, Cat Dad Gift","LOVE IT OR WE MAKE IT RIGHT Your mug is printed only after you approve your free preview. If it arrives damaged, misprinted, or different from the artwork you approved, just send us a photo within 30 days - we'll reprint it free or refund you in full, your choice. No need to ship anything back. Imagine your cat portrait greeting you every morning on your coffee mug. Your pet's portrait on a mug in THEIR color - pick from 9 accent colors (inside + handle). FREE digital preview within 24h - you approve your portrait before we print. One free revision included. HOW IT WORKS (easy!) 1. Order and tell us: mug color + style (Watercolor, Cartoon or Realistic) + a name, optional 2. Upload your photo right on this listing - it takes 10 seconds 3. Within 24 hours you receive a realistic preview of YOUR mug for approval 4. We only print when you love it! PICK THE COLOR OF THEIR COLLAR (or their personality!) Black · Navy · Light Blue · Pink · Purple · Red · Orange · Yellow · Light Green WHAT YOU GET - Hand-finished AI-assisted portrait from your photo (pet, couple or family - up to 2 subjects) - 11 oz ceramic accent mug (colored inside + handle), vivid fade-resistant print - Dishwasher and microwave safe - Printed to order in the USA, free US shipping Note: photo quality matters! Clear, well-lit photos give the best portraits. Order now and start your free preview today. GIFT-READY A thoughtful gift for birthdays, Christmas, anniversaries or just because - it arrives in protective packaging, ready to hand over.",in stock,new,24.99 USD,https://brushedandbrewedco.etsy.com/listing/4546408804,https://i.etsystatic.com/67116408/r/il/39dd7e/8589108461/il_fullxfull.8589108461_p669.jpg,"https://i.etsystatic.com/67116408/r/il/375764/8589109927/il_fullxfull.8589109927_ds0s.jpg,https://i.etsystatic.com/67116408/r/il/8eae66/8589111533/il_fullxfull.8589111533_45sm.jpg,https://i.etsystatic.com/67116408/r/il/2dba33/8541249398/il_fullxfull.8541249398_mlef.jpg,https://i.etsystatic.com/67116408/r/il/50af04/8314451778/il_fullxfull.8314451778_3c6w.jpg,https://i.etsystatic.com/67116408/r/il/4d86be/8543058002/il_fullxfull.8543058002_i6er.jpg,https://i.etsystatic.com/67116408/r/il/147031/8543063776/il_fullxfull.8543063776_4nwq.jpg,https://i.etsystatic.com/67116408/r/il/2f728e/8590931493/il_fullxfull.8590931493_ge97.jpg",Brushed & Brewed,Home & Garden > Kitchen & Dining > Tableware > Drinkware > Mugs,Mugs,999,active,US
4546384301,"Pet Memorial Gift Magic Mug, Custom Pet Portrait Appears with Heat, Personalized Dog Cat Photo Mug, Remembrance Keepsake, Same-Day Preview","Imagine their face when they unwrap a gift made just for them - their own photo turned into a custom portrait they'll see every single morning. See it before we print: you get a same-day preview on your phone, plus 1 free revision, before your order goes to production. LOVE IT OR WE MAKE IT RIGHT Your mug is printed only after you approve your free preview. If it arrives damaged, misprinted, or different from the artwork you approved, just send us a photo within 30 days - we'll reprint it free or refund you in full, your choice. No need to ship anything back. YOUR MUG IN 4 SIMPLE STEPS You send a photo -> our AI paints it -> you approve it -> we print your mug. WE PRINT MORE THAN PHOTOS: kids' drawings, handwritten recipes, notes and artwork - printed exactly as they are, or turned into a portrait. Your choice. FREE digital preview within 24h - you approve your portrait before we print. One free revision included. HOW IT WORKS (easy!) 1. Order and tell us your style: Watercolor, Cartoon or Realistic (+ a name, optional) 2. Upload your photo right on this listing - it takes 10 seconds 3. Within 24 hours you receive a realistic preview of YOUR mug for approval 4. We only print when you love it! THE MAGIC - The mug looks black when cold. Pour in a hot drink and their happy face appears - every single morning - A warm hello, exactly when you need it WHAT YOU GET - Hand-finished AI-assisted portrait from your photo (pet, couple or family - up to 2 subjects) - Magic 11oz color-changing ceramic mug (black when cold, portrait appears with heat) - IMPORTANT: HAND WASH ONLY, do not microwave (protects the color-changing coating) - Printed to order in the USA, free US shipping Note: photo quality matters! Clear, well-lit photos give the best portraits. HOW SOON YOU GET IT IS UP TO YOU Our 7-10 day processing window includes the time we spend waiting for YOUR approval. You get your free digital preview within 24-48 hours - and the moment you approve it, your mug goes to print. Approve quickly and yours leaves our hands sooner. If we don't hear back within 5 days of sending your preview, we'll print it as shown so your order still ships on time. Ready to surprise them? Add to cart now and order today - your free preview arrives before we print, so you always know exactly what you're getting.",in stock,new,32.99 USD,https://brushedandbrewedco.etsy.com/listing/4546384301,https://i.etsystatic.com/67116408/r/il/c16dc9/8541847394/il_fullxfull.8541847394_jo5t.jpg,"https://i.etsystatic.com/67116408/r/il/82d53c/8314391494/il_fullxfull.8314391494_djl7.jpg,https://i.etsystatic.com/67116408/r/il/5bf7f7/8537209100/il_fullxfull.8537209100_6l4w.jpg,https://i.etsystatic.com/67116408/r/il/142011/8585232873/il_fullxfull.8585232873_nhau.jpg,https://i.etsystatic.com/67116408/r/il/578837/8579995011/il_fullxfull.8579995011_pr6v.jpg,https://i.etsystatic.com/67116408/r/il/38a6f3/8579995143/il_fullxfull.8579995143_o7y0.jpg,https://i.etsystatic.com/67116408/r/il/2988c8/8537333992/il_fullxfull.8537333992_hcj9.jpg,https://i.etsystatic.com/67116408/r/il/8968a2/8537377082/il_fullxfull.8537377082_8kqu.jpg,https://i.etsystatic.com/67116408/r/il/e3083b/8537745718/il_fullxfull.8537745718_pp9x.jpg,https://i.etsystatic.com/67116408/r/il/a0abfb/8537784674/il_fullxfull.8537784674_i0wa.jpg",Brushed & Brewed,Home & Garden > Kitchen & Dining > Tableware > Drinkware > Mugs,Mugs,999,active,US
4546356375,"Custom Portrait Mug Set of 2, Personalized His and Hers Mugs from Photo with Name, Matching Couple Gift, Pet Portrait, Same-Day Preview","Imagine their face when they unwrap a gift made just for them - their own photo turned into a custom portrait they'll see every single morning. See it before we print: you get a same-day preview on your phone, plus 1 free revision, before your order goes to production. LOVE IT OR WE MAKE IT RIGHT Your mug is printed only after you approve your free preview. If it arrives damaged, misprinted, or different from the artwork you approved, just send us a photo within 30 days - we'll reprint it free or refund you in full, your choice. No need to ship anything back. YOUR MUG IN 4 SIMPLE STEPS You send a photo -> our AI paints it -> you approve it -> we print your mug. WE PRINT MORE THAN PHOTOS: kids' drawings, handwritten recipes, notes and artwork - printed exactly as they are, or turned into a portrait. Your choice. Two mugs, two portraits, one unforgettable gift - made from YOUR photos. FREE digital preview of both mugs within 24h - you approve before we print. One free revision each. HOW IT WORKS (easy!) 1. Order and tell us the style for EACH mug: Watercolor, Cartoon or Realistic (+ names, optional) 2. Upload your photos right on this listing - up to 2 photos per mug (we can combine them!) 3. Within 24 hours you receive realistic previews of BOTH mugs for approval 4. We only print when you love them! PERFECT COMBOS - His and hers: each with your pet (or each other!) - Your two pets, one mug each - Couple portrait + family portrait - any mix you want WHAT YOU GET - 2 hand-finished AI-assisted portraits from your photos - 2 ceramic 11 oz mugs, vivid fade-resistant print - Dishwasher and microwave safe - Printed to order in the USA, free US shipping Note: photo quality matters! Clear, well-lit photos give the best portraits. HOW SOON YOU GET IT IS UP TO YOU Our 7-10 day processing window includes the time we spend waiting for YOUR approval. You get your free digital preview within 24-48 hours - and the moment you approve it, your mug goes to print. Approve quickly and yours leaves our hands sooner. If we don't hear back within 5 days of sending your preview, we'll print it as shown so your order still ships on time. Ready to surprise them? Add to cart now and order today - your free preview arrives before we print, so you always know exactly what you're getting.",in stock,new,44.99 USD,https://brushedandbrewedco.etsy.com/listing/4546356375,https://i.etsystatic.com/67116408/r/il/9b8a57/8314192090/il_fullxfull.8314192090_clyj.jpg,"https://i.etsystatic.com/67116408/r/il/151565/8470875361/il_fullxfull.8470875361_cppv.jpg,https://i.etsystatic.com/67116408/r/il/d7d50f/8362169071/il_fullxfull.8362169071_66yz.jpg,https://i.etsystatic.com/67116408/r/il/d56e59/8314192276/il_fullxfull.8314192276_rnp9.jpg,https://i.etsystatic.com/67116408/r/il/49af2b/8585126673/il_fullxfull.8585126673_fgbx.jpg,https://i.etsystatic.com/67116408/r/il/639fdc/8423005610/il_fullxfull.8423005610_mo6u.jpg,https://i.etsystatic.com/67116408/r/il/71e52b/8585204157/il_fullxfull.8585204157_o0a5.jpg,https://i.etsystatic.com/67116408/r/il/87200e/8585247865/il_fullxfull.8585247865_ksfi.jpg,https://i.etsystatic.com/67116408/r/il/7deb82/8537748350/il_fullxfull.8537748350_bzy0.jpg,https://i.etsystatic.com/67116408/r/il/dfe2db/8470612375/il_fullxfull.8470612375_jobz.jpg",Brushed & Brewed,Home & Garden > Kitchen & Dining > Tableware > Drinkware > Mugs,Mugs,999,active,US
4543512168,"Funny Secret Santa Gift for Her, Ice Water and Bad Decisions Mug, White Elephant Gift Exchange, Sarcastic Coworker Mug, Same-Day Preview","LOVE IT OR WE MAKE IT RIGHT Your mug is printed only after you approve your free preview. If it arrives damaged, misprinted, or different from the artwork you approved, just send us a photo within 30 days - we'll reprint it free or refund you in full, your choice. No need to ship anything back. The Secret Santa gift that gets the biggest laugh at the office party. ""Ice Water and Bad Decisions"" is for the coworker, the bestie, the gym partner who runs on hydration and questionable choices - and owns it. Funny, useful, and well under most gift-exchange budgets. WHY THEY'LL LOVE IT - A White Elephant / Secret Santa pick people actually fight over - Works for coffee, tea, or the ice water in question - Sarcastic, not mean - safe for the office - 11 oz white ceramic mug with a crisp, vivid print that won't fade - Dishwasher and microwave safe - Glossy finish and a comfortable, sturdy handle - Printed to order in the USA, free US shipping - Ships in a padded box, ready to gift HOLIDAY ORDER DEADLINE Every mug is made when you order it (about 7-10 days, plus shipping). Order by December 13 to have it under the tree for Christmas - earlier is safer. Questions, or want to add a name? Send us a message - we reply fast. Every mug is made when you order it - that's what makes it special.",in stock,new,22.99 USD,https://brushedandbrewedco.etsy.com/listing/4543512168,https://i.etsystatic.com/67116408/r/il/6e919a/8294008774/il_fullxfull.8294008774_t9dg.jpg,"https://i.etsystatic.com/67116408/r/il/a217b5/8294008448/il_fullxfull.8294008448_b5f8.jpg,https://i.etsystatic.com/67116408/r/il/013a59/8305624508/il_fullxfull.8305624508_1eya.jpg,https://i.etsystatic.com/67116408/r/il/eba60e/8353526527/il_fullxfull.8353526527_fc84.jpg,https://i.etsystatic.com/67116408/r/il/2d6892/8305627574/il_fullxfull.8305627574_8luw.jpg,https://i.etsystatic.com/67116408/r/il/c69e9b/8633252451/il_fullxfull.8633252451_o0xb.jpg,https://i.etsystatic.com/67116408/r/il/6b166e/8585412142/il_fullxfull.8585412142_q333.jpg",Brushed & Brewed,Home & Garden > Kitchen & Dining > Tableware > Drinkware > Mugs,Mugs,999,active,US
4543498392,"New Year Reset Mug 2027, July Is My Second January, Fresh Start Gift for Her, Funny Resolution Mug, Goal Planner Gift, Same-Day Preview","LOVE IT OR WE MAKE IT RIGHT Your mug is printed only after you approve your free preview. If it arrives damaged, misprinted, or different from the artwork you approved, just send us a photo within 30 days - we'll reprint it free or refund you in full, your choice. No need to ship anything back. For everyone whose resolutions get a second launch date. ""July Is My Second January"" is the honest, funny fresh-start mug - the perfect New Year gift for the planner, the goal-getter, or the friend who keeps trying (and that's the point). It reads like a wink every morning: it's never too late to start again. WHY THEY'LL LOVE IT - A resolution mug that doesn't take itself too seriously - Great New Year, new job, or ""you've got this"" gift - Pairs perfectly with a planner or a bag of good coffee - 11 oz white ceramic mug with a crisp, vivid print that won't fade - Dishwasher and microwave safe - Glossy finish and a comfortable, sturdy handle - Printed to order in the USA, free US shipping - Ships in a padded box, ready to gift HOLIDAY ORDER DEADLINE Every mug is made when you order it (about 7-10 days, plus shipping). Order by December 13 to have it under the tree for Christmas - earlier is safer. Questions, or want to add a name? Send us a message - we reply fast. Every mug is made when you order it - that's what makes it special.",in stock,new,22.99 USD,https://brushedandbrewedco.etsy.com/listing/4543498392,https://i.etsystatic.com/67116408/r/il/893060/8293937530/il_fullxfull.8293937530_gc3j.jpg,"https://i.etsystatic.com/67116408/r/il/26a853/8293916090/il_fullxfull.8293916090_ea08.jpg,https://i.etsystatic.com/67116408/r/il/274cc2/8305621020/il_fullxfull.8305621020_jcu6.jpg,https://i.etsystatic.com/67116408/r/il/96e226/8305622072/il_fullxfull.8305622072_5bgw.jpg,https://i.etsystatic.com/67116408/r/il/012951/8353523793/il_fullxfull.8353523793_sg6w.jpg,https://i.etsystatic.com/67116408/r/il/d4fa3f/8633255261/il_fullxfull.8633255261_dejo.jpg",Brushed & Brewed,Home & Garden > Kitchen & Dining > Tableware > Drinkware > Mugs,Mugs,999,active,US
4543483607,"Christmas Gift for Gardener, My Backyard Is the New Vacation Destination Mug, Homebody Gift, New Homeowner Coffee Mug, Same-Day Preview","LOVE IT OR WE MAKE IT RIGHT Your mug is printed only after you approve your free preview. If it arrives damaged, misprinted, or different from the artwork you approved, just send us a photo within 30 days - we'll reprint it free or refund you in full, your choice. No need to ship anything back. For the person who'd rather be home than anywhere else. ""My Backyard Is the New Vacation Destination"" is the mug for gardeners, patio people, new homeowners and proud homebodies - the ones already planning next spring's beds while the snow is still on the ground. A Christmas gift that actually gets used every morning. WHY THEY'LL LOVE IT - A gift for the gardener, the griller, the porch-sitter - Perfect for a new home, a retirement, or just because - Fun, warm, and not another pair of gardening gloves - 11 oz white ceramic mug with a crisp, vivid print that won't fade - Dishwasher and microwave safe - Glossy finish and a comfortable, sturdy handle - Printed to order in the USA, free US shipping - Ships in a padded box, ready to gift HOLIDAY ORDER DEADLINE Every mug is made when you order it (about 7-10 days, plus shipping). Order by December 13 to have it under the tree for Christmas - earlier is safer. Questions, or want to add a name? Send us a message - we reply fast. Every mug is made when you order it - that's what makes it special.",in stock,new,22.99 USD,https://brushedandbrewedco.etsy.com/listing/4543483607,https://i.etsystatic.com/67116408/r/il/eef6e7/8293937406/il_fullxfull.8293937406_8myo.jpg,"https://i.etsystatic.com/67116408/r/il/cf3b24/8341813261/il_fullxfull.8341813261_c124.jpg,https://i.etsystatic.com/67116408/r/il/64f5f5/8305617184/il_fullxfull.8305617184_mir6.jpg,https://i.etsystatic.com/67116408/r/il/86c1b1/8305618608/il_fullxfull.8305618608_73fz.jpg,https://i.etsystatic.com/67116408/r/il/58df97/8305619862/il_fullxfull.8305619862_rq6y.jpg,https://i.etsystatic.com/67116408/r/il/e7a312/8585561444/il_fullxfull.8585561444_c2h1.jpg,https://i.etsystatic.com/67116408/r/il/c7ecc8/8585565894/il_fullxfull.8585565894_9n99.jpg",Brushed & Brewed,Home & Garden > Kitchen & Dining > Tableware > Drinkware > Mugs,Mugs,999,active,US
4543483537,"Funny Coworker Gift, Out of Office Until September Maybe Mug, Teacher Summer Break Gift, PTO Humor Coffee Mug, Office, Same-Day Preview","LOVE IT OR WE MAKE IT RIGHT Your mug is printed only after you approve your free preview. If it arrives damaged, misprinted, or different from the artwork you approved, just send us a photo within 30 days - we'll reprint it free or refund you in full, your choice. No need to ship anything back. A mug that says it for you - every single morning. - 11 oz ceramic mug with a crisp, vivid print that won't fade - Dishwasher and microwave safe - Glossy finish and comfortable handle - Printed to order in the USA, free US shipping Every mug is made when you order it - that's what makes it special. GIFT-READY A thoughtful gift for birthdays, Christmas, anniversaries or just because - it arrives in protective packaging, ready to hand over.",in stock,new,22.99 USD,https://brushedandbrewedco.etsy.com/listing/4543483537,https://i.etsystatic.com/67116408/r/il/44b0ef/8341834963/il_fullxfull.8341834963_mytb.jpg,"https://i.etsystatic.com/67116408/r/il/5c7648/8293915202/il_fullxfull.8293915202_kvqj.jpg,https://i.etsystatic.com/67116408/r/il/1aa073/8305607150/il_fullxfull.8305607150_l62b.jpg,https://i.etsystatic.com/67116408/r/il/e28a81/8353508911/il_fullxfull.8353508911_hdyp.jpg,https://i.etsystatic.com/67116408/r/il/5d5d28/8353538913/il_fullxfull.8353538913_ew0t.jpg",Brushed & Brewed,Home & Garden > Kitchen & Dining > Tableware > Drinkware > Mugs,Mugs,999,active,US
4543483475,"Funny Summer Mug, I'm Not Melting I'm Just Summering Hard, Heat Wave Humor Gift, Hot Weather Coffee Mug, Summer, Same-Day Preview","LOVE IT OR WE MAKE IT RIGHT Your mug is printed only after you approve your free preview. If it arrives damaged, misprinted, or different from the artwork you approved, just send us a photo within 30 days - we'll reprint it free or refund you in full, your choice. No need to ship anything back. A mug that says it for you - every single morning. - 11 oz ceramic mug with a crisp, vivid print that won't fade - Dishwasher and microwave safe - Glossy finish and comfortable handle - Printed to order in the USA, free US shipping Every mug is made when you order it - that's what makes it special. GIFT-READY A thoughtful gift for birthdays, Christmas, anniversaries or just because - it arrives in protective packaging, ready to hand over.",in stock,new,22.99 USD,https://brushedandbrewedco.etsy.com/listing/4543483475,https://i.etsystatic.com/67116408/r/il/ab0e31/8341834831/il_fullxfull.8341834831_tjks.jpg,"https://i.etsystatic.com/67116408/r/il/7cfc76/8341812541/il_fullxfull.8341812541_1nlb.jpg,https://i.etsystatic.com/67116408/r/il/ac9de8/8305603332/il_fullxfull.8305603332_blgc.jpg,https://i.etsystatic.com/67116408/r/il/971030/8353504905/il_fullxfull.8353504905_jpya.jpg,https://i.etsystatic.com/67116408/r/il/4580ac/8353505983/il_fullxfull.8353505983_ztic.jpg",Brushed & Brewed,Home & Garden > Kitchen & Dining > Tableware > Drinkware > Mugs,Mugs,999,active,US
4543401805,"Pet Memorial Mug, Custom Dog Memorial Portrait From Photo, Pet Loss Gift, Rainbow Bridge Gift, Dog Remembrance Mug, Same-Day Preview","See it before we print: you get a same-day preview on your phone, plus 1 free revision, before your order goes to production. LOVE IT OR WE MAKE IT RIGHT Your mug is printed only after you approve your free preview. If it arrives damaged, misprinted, or different from the artwork you approved, just send us a photo within 30 days - we'll reprint it free or refund you in full, your choice. No need to ship anything back. YOUR MUG IN 4 SIMPLE STEPS You send a photo -> our AI paints it -> you approve it -> we print your mug. WE PRINT MORE THAN PHOTOS: kids' drawings, handwritten recipes, notes and artwork - printed exactly as they are, or turned into a portrait. Your choice. Turn your favorite photo into art - printed on a mug you'll hold every morning. FREE digital preview within 24h - you approve it before we print. One free revision included. HOW IT WORKS (easy!) 1. Order and tell us your style: Watercolor, Cartoon or Realistic (+ a name or short phrase, optional) 2. Upload your photo right on this listing - it takes 10 seconds (or send it via Etsy Messages). Up to 2 photos: tell us your idea and we combine them into one portrait! 3. Within 24 hours you receive a realistic preview of YOUR mug for approval 4. One free revision included - we only print when you love it! WHAT YOU GET - Hand-finished AI-assisted portrait from your photo - 11 oz ceramic mug, vivid fade-resistant print - Dishwasher and microwave safe - Printed to order in the USA, free US shipping Note: photo quality matters! Clear, well-lit photos give the best portraits. Please note: because each mug is made with your own photo, personalized orders can't be returned or exchanged for a change of mind. You'll always approve a digital preview before we print — and if anything goes wrong on our side (damage in transit, a print defect, or artwork that doesn't match what you approved), we'll remake it or refund you at no cost. Just message us. HOW SOON YOU GET IT IS UP TO YOU Our 7-10 day processing window includes the time we spend waiting for YOUR approval. You get your free digital preview within 24-48 hours - and the moment you approve it, your mug goes to print. Approve quickly and yours leaves our hands sooner. If we don't hear back within 5 days of sending your preview, we'll print it as shown so your order still ships on time. GIFT-READY A thoughtful gift for birthdays, Christmas, anniversaries or just because - it arrives in protective packaging, ready to hand over.",in stock,new,22.99 USD,https://brushedandbrewedco.etsy.com/listing/4543401805,https://i.etsystatic.com/67116408/r/il/439835/8341281505/il_fullxfull.8341281505_fgei.jpg,"https://i.etsystatic.com/67116408/r/il/22cde0/8342705989/il_fullxfull.8342705989_qhyy.jpg,https://i.etsystatic.com/67116408/r/il/c5d0b7/8294809730/il_fullxfull.8294809730_azu3.jpg,https://i.etsystatic.com/67116408/r/il/8d0162/8354037311/il_fullxfull.8354037311_o5mb.jpg,https://i.etsystatic.com/67116408/r/il/e05505/8354037883/il_fullxfull.8354037883_706z.jpg,https://i.etsystatic.com/67116408/r/il/eb67af/8422527612/il_fullxfull.8422527612_iizx.jpg,https://i.etsystatic.com/67116408/r/il/225d6f/8470399869/il_fullxfull.8470399869_6tyw.jpg,https://i.etsystatic.com/67116408/r/il/139090/8379262598/il_fullxfull.8379262598_hxv6.jpg,https://i.etsystatic.com/67116408/r/il/ad6dcf/8581307977/il_fullxfull.8581307977_exes.jpg,https://i.etsystatic.com/67116408/r/il/30cf7c/8537792148/il_fullxfull.8537792148_nexw.jpg",Brushed & Brewed,Home & Garden > Kitchen & Dining > Tableware > Drinkware > Mugs,Mugs,999,active,US
4543401765,"Custom Cat Portrait Mug, Personalized Cat Mom Gift, Watercolor Pet Portrait From Photo, Cat Lover Gift, Cat Memorial Mug, Same-Day Preview","See it before we print: you get a same-day preview on your phone, plus 1 free revision, before your order goes to production. LOVE IT OR WE MAKE IT RIGHT Your mug is printed only after you approve your free preview. If it arrives damaged, misprinted, or different from the artwork you approved, just send us a photo within 30 days - we'll reprint it free or refund you in full, your choice. No need to ship anything back. YOUR MUG IN 4 SIMPLE STEPS You send a photo -> our AI paints it -> you approve it -> we print your mug. WE PRINT MORE THAN PHOTOS: kids' drawings, handwritten recipes, notes and artwork - printed exactly as they are, or turned into a portrait. Your choice. Turn your favorite photo into art - printed on a mug you'll hold every morning. FREE digital preview within 24h - you approve it before we print. One free revision included. HOW IT WORKS (easy!) 1. Order and tell us your style: Watercolor, Cartoon or Realistic (+ a name or short phrase, optional) 2. Upload your photo right on this listing - it takes 10 seconds (or send it via Etsy Messages). Up to 2 photos: tell us your idea and we combine them into one portrait! 3. Within 24 hours you receive a realistic preview of YOUR mug for approval 4. One free revision included - we only print when you love it! WHAT YOU GET - Hand-finished AI-assisted portrait from your photo - 11 oz ceramic mug, vivid fade-resistant print - Dishwasher and microwave safe - Printed to order in the USA, free US shipping Note: photo quality matters! Clear, well-lit photos give the best portraits. Please note: because each mug is made with your own photo, personalized orders can't be returned or exchanged for a change of mind. You'll always approve a digital preview before we print — and if anything goes wrong on our side (damage in transit, a print defect, or artwork that doesn't match what you approved), we'll remake it or refund you at no cost. Just message us. HOW SOON YOU GET IT IS UP TO YOU Our 7-10 day processing window includes the time we spend waiting for YOUR approval. You get your free digital preview within 24-48 hours - and the moment you approve it, your mug goes to print. Approve quickly and yours leaves our hands sooner. If we don't hear back within 5 days of sending your preview, we'll print it as shown so your order still ships on time. GIFT-READY A thoughtful gift for birthdays, Christmas, anniversaries or just because - it arrives in protective packaging, ready to hand over.",in stock,new,22.99 USD,https://brushedandbrewedco.etsy.com/listing/4543401765,https://i.etsystatic.com/67116408/r/il/abc9b0/8422740686/il_fullxfull.8422740686_g0dl.jpg,"https://i.etsystatic.com/67116408/r/il/e31516/8354035671/il_fullxfull.8354035671_880w.jpg,https://i.etsystatic.com/67116408/r/il/329fc2/8293383220/il_fullxfull.8293383220_gmea.jpg,https://i.etsystatic.com/67116408/r/il/9c7efa/8427136087/il_fullxfull.8427136087_fzah.jpg,https://i.etsystatic.com/67116408/r/il/6a82a2/8306136952/il_fullxfull.8306136952_n5c1.jpg,https://i.etsystatic.com/67116408/r/il/000248/8470871657/il_fullxfull.8470871657_6l7c.jpg,https://i.etsystatic.com/67116408/r/il/55e933/8585211869/il_fullxfull.8585211869_gxcg.jpg,https://i.etsystatic.com/67116408/r/il/cd11e6/8533427424/il_fullxfull.8533427424_h568.jpg,https://i.etsystatic.com/67116408/r/il/e9d60a/8423004324/il_fullxfull.8423004324_7gqh.jpg,https://i.etsystatic.com/67116408/r/il/90a068/8294809626/il_fullxfull.8294809626_mz55.jpg",Brushed & Brewed,Home & Garden > Kitchen & Dining > Tableware > Drinkware > Mugs,Mugs,999,active,US
4543417044,"Custom Family Portrait Mug From Photo, Personalized Family Gift, Cartoon Portrait Mug, Gift for Mom Dad, Family Photo Mug, Same-Day Preview","See it before we print: you get a same-day preview on your phone, plus 1 free revision, before your order goes to production. LOVE IT OR WE MAKE IT RIGHT Your mug is printed only after you approve your free preview. If it arrives damaged, misprinted, or different from the artwork you approved, just send us a photo within 30 days - we'll reprint it free or refund you in full, your choice. No need to ship anything back. YOUR MUG IN 4 SIMPLE STEPS You send a photo -> our AI paints it -> you approve it -> we print your mug. WE PRINT MORE THAN PHOTOS: kids' drawings, handwritten recipes, notes and artwork - printed exactly as they are, or turned into a portrait. Your choice. Turn your favorite photo into art - printed on a mug you'll hold every morning. FREE digital preview within 24h - you approve it before we print. One free revision included. HOW IT WORKS (easy!) 1. Order and tell us your style: Watercolor, Cartoon or Realistic (+ a name or short phrase, optional) 2. Upload your photo right on this listing - it takes 10 seconds (or send it via Etsy Messages). Up to 2 photos: tell us your idea and we combine them into one portrait! 3. Within 24 hours you receive a realistic preview of YOUR mug for approval 4. One free revision included - we only print when you love it! WHAT YOU GET - Hand-finished AI-assisted portrait from your photo - 11 oz ceramic mug, vivid fade-resistant print - Dishwasher and microwave safe - Printed to order in the USA, free US shipping Note: photo quality matters! Clear, well-lit photos give the best portraits. Please note: because each mug is made with your own photo, personalized orders can't be returned or exchanged for a change of mind. You'll always approve a digital preview before we print — and if anything goes wrong on our side (damage in transit, a print defect, or artwork that doesn't match what you approved), we'll remake it or refund you at no cost. Just message us. HOW SOON YOU GET IT IS UP TO YOU Our 7-10 day processing window includes the time we spend waiting for YOUR approval. You get your free digital preview within 24-48 hours - and the moment you approve it, your mug goes to print. Approve quickly and yours leaves our hands sooner. If we don't hear back within 5 days of sending your preview, we'll print it as shown so your order still ships on time. GIFT-READY A thoughtful gift for birthdays, Christmas, anniversaries or just because - it arrives in protective packaging, ready to hand over.",in stock,new,22.99 USD,https://brushedandbrewedco.etsy.com/listing/4543417044,https://i.etsystatic.com/67116408/r/il/f93221/8542942586/il_fullxfull.8542942586_qy23.jpg,"https://i.etsystatic.com/67116408/r/il/237035/8342705801/il_fullxfull.8342705801_lyu1.jpg,https://i.etsystatic.com/67116408/r/il/069e2a/8294809582/il_fullxfull.8294809582_3hjm.jpg,https://i.etsystatic.com/67116408/r/il/9a2ec9/8354043903/il_fullxfull.8354043903_406t.jpg,https://i.etsystatic.com/67116408/r/il/f8f87b/8306145648/il_fullxfull.8306145648_1d1b.jpg,https://i.etsystatic.com/67116408/r/il/4d5502/8422528252/il_fullxfull.8422528252_627s.jpg,https://i.etsystatic.com/67116408/r/il/d5bb26/8551178642/il_fullxfull.8551178642_a4uq.jpg,https://i.etsystatic.com/67116408/r/il/f9b75f/8379263944/il_fullxfull.8379263944_2taj.jpg,https://i.etsystatic.com/67116408/r/il/eaca6a/8537164960/il_fullxfull.8537164960_sxiq.jpg,https://i.etsystatic.com/67116408/r/il/64fdb4/8422528014/il_fullxfull.8422528014_47n8.jpg",Brushed & Brewed,Home & Garden > Kitchen & Dining > Tableware > Drinkware > Mugs,Mugs,999,active,US
4543401673,"Custom Couple Portrait Mug, Personalized Photo Mug, Couples Gift, Anniversary Gift, Engagement Gift, Watercolor Portrait, Same-Day Preview","Imagine their face when they unwrap a gift made just for them - their own photo turned into a custom portrait they'll see every single morning. See it before we print: you get a same-day preview on your phone, plus 1 free revision, before your order goes to production. LOVE IT OR WE MAKE IT RIGHT Your mug is printed only after you approve your free preview. If it arrives damaged, misprinted, or different from the artwork you approved, just send us a photo within 30 days - we'll reprint it free or refund you in full, your choice. No need to ship anything back. YOUR MUG IN 4 SIMPLE STEPS You send a photo -> our AI paints it -> you approve it -> we print your mug. WE PRINT MORE THAN PHOTOS: kids' drawings, handwritten recipes, notes and artwork - printed exactly as they are, or turned into a portrait. Your choice. Turn your favorite photo into art - printed on a mug you'll hold every morning. FREE digital preview within 24h - you approve it before we print. One free revision included. HOW IT WORKS (easy!) 1. Order and tell us your style: Watercolor, Cartoon or Realistic (+ a name or short phrase, optional) 2. Upload your photo right on this listing - it takes 10 seconds (or send it via Etsy Messages). Up to 2 photos: tell us your idea and we combine them into one portrait! 3. Within 24 hours you receive a realistic preview of YOUR mug for approval 4. One free revision included - we only print when you love it! WHAT YOU GET - Hand-finished AI-assisted portrait from your photo - 11 oz ceramic mug, vivid fade-resistant print - Dishwasher and microwave safe - Printed to order in the USA, free US shipping Note: photo quality matters! Clear, well-lit photos give the best portraits. Please note: because each mug is made with your own photo, personalized orders can't be returned or exchanged for a change of mind. You'll always approve a digital preview before we print — and if anything goes wrong on our side (damage in transit, a print defect, or artwork that doesn't match what you approved), we'll remake it or refund you at no cost. Just message us. HOW SOON YOU GET IT IS UP TO YOU Our 7-10 day processing window includes the time we spend waiting for YOUR approval. You get your free digital preview within 24-48 hours - and the moment you approve it, your mug goes to print. Approve quickly and yours leaves our hands sooner. If we don't hear back within 5 days of sending your preview, we'll print it as shown so your order still ships on time. Ready to surprise them? Add to cart now and order today - your free preview arrives before we print, so you always know exactly what you're getting.",in stock,new,22.99 USD,https://brushedandbrewedco.etsy.com/listing/4543401673,https://i.etsystatic.com/67116408/r/il/3efe95/8294809508/il_fullxfull.8294809508_qbvh.jpg,"https://i.etsystatic.com/67116408/r/il/d2da82/8470399469/il_fullxfull.8470399469_1ble.jpg,https://i.etsystatic.com/67116408/r/il/be96bb/8293382642/il_fullxfull.8293382642_o6nz.jpg,https://i.etsystatic.com/67116408/r/il/d31b16/8294809476/il_fullxfull.8294809476_fzgj.jpg,https://i.etsystatic.com/67116408/r/il/cb715f/8306134262/il_fullxfull.8306134262_3vif.jpg,https://i.etsystatic.com/67116408/r/il/7d38d9/8427135391/il_fullxfull.8427135391_5oxr.jpg,https://i.etsystatic.com/67116408/r/il/4b633b/8533424048/il_fullxfull.8533424048_n1hk.jpg,https://i.etsystatic.com/67116408/r/il/0981c8/8537386762/il_fullxfull.8537386762_qk2t.jpg,https://i.etsystatic.com/67116408/r/il/03ccb9/8537754750/il_fullxfull.8537754750_e0dl.jpg,https://i.etsystatic.com/67116408/r/il/7e8b78/8585662589/il_fullxfull.8585662589_92vh.jpg",Brushed & Brewed,Home & Garden > Kitchen & Dining > Tableware > Drinkware > Mugs,Mugs,999,active,US
4543347738,"Same-Day Preview | Personalized Dog Mug with Name, Custom Pet Portrait from Photo, Dog Dad Gift, Dog Mom Gift, Pet Memorial Keepsake","See it before we print: you get a same-day preview on your phone, plus 1 free revision, before your order goes to production. LOVE IT OR WE MAKE IT RIGHT Your mug is printed only after you approve your free preview. If it arrives damaged, misprinted, or different from the artwork you approved, just send us a photo within 30 days - we'll reprint it free or refund you in full, your choice. No need to ship anything back. YOUR MUG IN 4 SIMPLE STEPS You send a photo -> our AI paints it -> you approve it -> we print your mug. WE PRINT MORE THAN PHOTOS: kids' drawings, handwritten recipes, notes and artwork - printed exactly as they are, or turned into a portrait. Your choice. Some friends deserve to be part of every morning. FREE digital preview: you see and approve your pet's portrait BEFORE we print - plus one free revision. We don't print a thing until you approve it. Turn your favorite photo into a custom watercolor-style pet portrait mug with your pet's name - watercolor, cartoon, or realistic style. There will only ever be one Luna, one Max, one Biscuit. Put their name on the mug you reach for every single day. HOW SOON YOU GET IT IS UP TO YOU Our 7-10 day processing window includes the time we spend waiting for YOUR approval. You get your free digital preview within 24-48 hours - and the moment you approve it, your mug goes to print. Approve quickly and yours leaves our hands sooner. If we don't hear back within 5 days of sending your preview, we'll print it as shown so your order still ships on time. HOW IT WORKS 1. Upload your pet's photo right here on this listing (one clear photo is all we need) 2. Tell us the name and pick your art style: Watercolor, Cartoon, or Realistic 3. Within 24-48 hours you receive a FREE digital preview of the portrait 4. Approve it (or request one free revision) - we only print after your OK 5. Made to order and shipped from the USA in 2-3 business days after approval WHY PET PARENTS CHOOSE THIS MUG - You approve the portrait before we print - zero surprises - Your pet's NAME included, in elegant script lettering - Printed in the USA (Florida) with vibrant inks - Made for daily use, not the shelf - Dishwasher and microwave safe, BPA and lead-free ceramic THE DETAILS - 11 oz ceramic mug, glossy white, C-handle - Crisp colors, smooth glossy finish - Works for dogs, cats, and any pet with a face you love - Photo tips: eye-level, good light, whole face visible - we handle the rest A GIFT THEY WILL ACTUALLY USE Perfect dog dad gift, dog mom gift, birthday surprise for a pet-obsessed friend, or a keepsake to honor a pet who made every morning better. It is the gift that gets used 365 mornings a year - their first coffee, together. GOOD TO KNOW - Preview delivered within 24-48 hours of your photo upload - One free revision included - and nothing prints without your approval - Questions about your photo? Message us before ordering - happy to check it - Printed to order in the USA - Ships in 2-3 business days after preview approval Save this face. Save this name. Start every morning together.",in stock,new,24.99 USD,https://brushedandbrewedco.etsy.com/listing/4543347738,https://i.etsystatic.com/67116408/r/il/8c4f76/8422526372/il_fullxfull.8422526372_6axc.jpg,"https://i.etsystatic.com/67116408/r/il/f75e29/8322520910/il_fullxfull.8322520910_idl6.jpg,https://i.etsystatic.com/67116408/r/il/bce310/8365592411/il_fullxfull.8365592411_qo70.jpg,https://i.etsystatic.com/67116408/r/il/915141/8317704910/il_fullxfull.8317704910_q1sd.jpg,https://i.etsystatic.com/67116408/r/il/79afbc/8422526728/il_fullxfull.8422526728_tq9y.jpg,https://i.etsystatic.com/67116408/r/il/1b6443/8470399185/il_fullxfull.8470399185_se8i.jpg,https://i.etsystatic.com/67116408/r/il/e4258b/8365592507/il_fullxfull.8365592507_c3f9.jpg,https://i.etsystatic.com/67116408/r/il/3aeca2/8365593151/il_fullxfull.8365593151_hno8.jpg,https://i.etsystatic.com/67116408/r/il/81faad/8317704992/il_fullxfull.8317704992_kp5u.jpg,https://i.etsystatic.com/67116408/r/il/150352/8579995577/il_fullxfull.8579995577_nzus.jpg",Brushed & Brewed,Home & Garden > Kitchen & Dining > Tableware > Drinkware > Mugs,Mugs,999,active,US
4542310109,"Same-Day Preview | Bonus Dad Christmas Gift, The Dad Who Chose Me Mug, Stepdad Gift from Stepdaughter or Stepson, Stepdad Stocking Stuffer","Imagine their face when they unwrap a gift made just for them - their own photo turned into a custom portrait they'll see every single morning. LOVE IT OR WE MAKE IT RIGHT Your mug is printed only after you approve your free preview. If it arrives damaged, misprinted, or different from the artwork you approved, just send us a photo within 30 days - we'll reprint it free or refund you in full, your choice. No need to ship anything back. Some heroes don't share our DNA - they choose us. This Christmas, tell the stepdad, bonus dad or father figure who stepped up what words sometimes can't: ""The Dad Who Chose Me."" It's the gift he'll keep on his desk long after the wrapping paper is gone. WHY THEY'LL LOVE IT - Says the thing that's hard to say out loud - A stocking stuffer with real meaning, not filler - From a stepdaughter, a stepson, or the whole blended family - 11 oz white ceramic mug with a crisp, vivid print that won't fade - Dishwasher and microwave safe - Glossy finish and a comfortable, sturdy handle - Printed to order in the USA, free US shipping - Ships in a padded box, ready to gift HOLIDAY ORDER DEADLINE Every mug is made when you order it (about 7-10 days, plus shipping). Order by December 13 to have it under the tree for Christmas - earlier is safer. Questions, or want to add a name? Send us a message - we reply fast. Every mug is made when you order it - that's what makes it special. Ready to surprise them? Add to cart now and order today - your free preview arrives before we print, so you always know exactly what you're getting.",in stock,new,20.99 USD,https://brushedandbrewedco.etsy.com/listing/4542310109,https://i.etsystatic.com/67116408/r/il/b277ac/8305632974/il_fullxfull.8305632974_5ds8.jpg,"https://i.etsystatic.com/67116408/r/il/dbf3bf/8470610761/il_fullxfull.8470610761_rjh9.jpg,https://i.etsystatic.com/67116408/r/il/cd96ea/8305634412/il_fullxfull.8305634412_t9k3.jpg,https://i.etsystatic.com/67116408/r/il/7c5b87/8470866185/il_fullxfull.8470866185_g0xb.jpg,https://i.etsystatic.com/67116408/r/il/99c60a/8285548932/il_fullxfull.8285548932_9lg9.jpg,https://i.etsystatic.com/67116408/r/il/dcfe92/8537300854/il_fullxfull.8537300854_47rm.jpg,https://i.etsystatic.com/67116408/r/il/d1360f/8537346488/il_fullxfull.8537346488_oamx.jpg,https://i.etsystatic.com/67116408/r/il/f3691f/8585256817/il_fullxfull.8585256817_flmv.jpg,https://i.etsystatic.com/67116408/r/il/bd0127/8537763076/il_fullxfull.8537763076_9z2p.jpg,https://i.etsystatic.com/67116408/r/il/f933a7/8585665001/il_fullxfull.8585665001_5a3u.jpg",Brushed & Brewed,Home & Garden > Kitchen & Dining > Tableware > Drinkware > Mugs,Mugs,999,active,US
